#FORMAT=FF10_NONPOINT,,,,,,,,,,,,,,,,,,,,,,,,,,,,,,,,,,,,,,,,,,,,
#COUNTRY=US,,,,,,,,,,,,,,,,,,,,,,,,,,,,,,,,,,,,,,,,,,,,
#YEAR=2018,,,,,,,,,,,,,,,,,,,,,,,,,,,,,,,,,,,,,,,,,,,,
#Generated by Karl Seltzer on 20220321,,,,,,,,,,,,,,,,,,,,,,,,,,,,,,,,,,,,,,,,,,,,
country_cd,region_cd,tribal_code,census_tract_cd,shape_id,scc,emis_type,poll,ann_value,ann_pct_red,control_ids,control_measures,current_cost,cumulative_cost,projection_factor,reg_codes,calc_method,calc_year,date_updated,data_set_id,jan_value,feb_value,mar_value,apr_value,may_value,jun_value,jul_value,aug_value,sep_value,oct_value,nov_value,dec_value,jan_pctred,feb_pctred,mar_pctred,apr_pctred,may_pctred,jun_pctred,jul_pctred,aug_pctred,sep_pctred,oct_pctred,nov_pctred,dec_pctred,comment
US,06001,6,,,2461021000,,VOC,631.6736089,,,,,,,,,2018,20220321,2020NEI_methods,,,,,,,,,,,,,,,,,,,,,,,,,
US,06003,6,,,2461021000,,VOC,5.098162051,,,,,,,,,2018,20220321,2020NEI_methods,,,,,,,,,,,,,,,,,,,,,,,,,
US,06005,6,,,2461021000,,VOC,17.2592886,,,,,,,,,2018,20220321,2020NEI_methods,,,,,,,,,,,,,,,,,,,,,,,,,
US,06007,6,,,2461021000,,VOC,76.65267237,,,,,,,,,2018,20220321,2020NEI_methods,,,,,,,,,,,,,,,,,,,,,,,,,
US,06009,6,,,2461021000,,VOC,18.03629973,,,,,,,,,2018,20220321,2020NEI_methods,,,,,,,,,,,,,,,,,,,,,,,,,
US,06011,6,,,2461021000,,VOC,28.62584047,,,,,,,,,2018,20220321,2020NEI_methods,,,,,,,,,,,,,,,,,,,,,,,,,
US,06013,6,,,2461021000,,VOC,392.1163823,,,,,,,,,2018,20220321,2020NEI_methods,,,,,,,,,,,,,,,,,,,,,,,,,
US,06015,6,,,2461021000,,VOC,11.64581144,,,,,,,,,2018,20220321,2020NEI_methods,,,,,,,,,,,,,,,,,,,,,,,,,
US,06017,6,,,2461021000,,VOC,70.1715005,,,,,,,,,2018,20220321,2020NEI_methods,,,,,,,,,,,,,,,,,,,,,,,,,
US,06019,6,,,2461021000,,VOC,372.8696235,,,,,,,,,2018,20220321,2020NEI_methods,,,,,,,,,,,,,,,,,,,,,,,,,
US,06021,6,,,2461021000,,VOC,22.7595108,,,,,,,,,2018,20220321,2020NEI_methods,,,,,,,,,,,,,,,,,,,,,,,,,
US,06023,6,,,2461021000,,VOC,59.10042286,,,,,,,,,2018,20220321,2020NEI_methods,,,,,,,,,,,,,,,,,,,,,,,,,
US,06025,6,,,2461021000,,VOC,99.85865271,,,,,,,,,2018,20220321,2020NEI_methods,,,,,,,,,,,,,,,,,,,,,,,,,
US,06027,6,,,2461021000,,VOC,25.47536712,,,,,,,,,2018,20220321,2020NEI_methods,,,,,,,,,,,,,,,,,,,,,,,,,
US,06029,6,,,2461021000,,VOC,409.1648631,,,,,,,,,2018,20220321,2020NEI_methods,,,,,,,,,,,,,,,,,,,,,,,,,
US,06031,6,,,2461021000,,VOC,71.99530861,,,,,,,,,2018,20220321,2020NEI_methods,,,,,,,,,,,,,,,,,,,,,,,,,
US,06033,6,,,2461021000,,VOC,31.09636674,,,,,,,,,2018,20220321,2020NEI_methods,,,,,,,,,,,,,,,,,,,,,,,,,
US,06035,6,,,2461021000,,VOC,16.51228414,,,,,,,,,2018,20220321,2020NEI_methods,,,,,,,,,,,,,,,,,,,,,,,,,
US,06037,6,,,2461021000,,VOC,3486.080714,,,,,,,,,2018,20220321,2020NEI_methods,,,,,,,,,,,,,,,,,,,,,,,,,
US,06039,6,,,2461021000,,VOC,74.37098423,,,,,,,,,2018,20220321,2020NEI_methods,,,,,,,,,,,,,,,,,,,,,,,,,
US,06041,6,,,2461021000,,VOC,117.1592347,,,,,,,,,2018,20220321,2020NEI_methods,,,,,,,,,,,,,,,,,,,,,,,,,
US,06043,6,,,2461021000,,VOC,7.316044622,,,,,,,,,2018,20220321,2020NEI_methods,,,,,,,,,,,,,,,,,,,,,,,,,
US,06045,6,,,2461021000,,VOC,44.77042951,,,,,,,,,2018,20220321,2020NEI_methods,,,,,,,,,,,,,,,,,,,,,,,,,
US,06047,6,,,2461021000,,VOC,135.9784777,,,,,,,,,2018,20220321,2020NEI_methods,,,,,,,,,,,,,,,,,,,,,,,,,
US,06049,6,,,2461021000,,VOC,4.925276831,,,,,,,,,2018,20220321,2020NEI_methods,,,,,,,,,,,,,,,,,,,,,,,,,
US,06051,6,,,2461021000,,VOC,14.36240663,,,,,,,,,2018,20220321,2020NEI_methods,,,,,,,,,,,,,,,,,,,,,,,,,
US,06053,6,,,2461021000,,VOC,162.831012,,,,,,,,,2018,20220321,2020NEI_methods,,,,,,,,,,,,,,,,,,,,,,,,,
US,06055,6,,,2461021000,,VOC,50.64972262,,,,,,,,,2018,20220321,2020NEI_methods,,,,,,,,,,,,,,,,,,,,,,,,,
US,06057,6,,,2461021000,,VOC,49.3632671,,,,,,,,,2018,20220321,2020NEI_methods,,,,,,,,,,,,,,,,,,,,,,,,,
US,06059,6,,,2461021000,,VOC,1249.23501,,,,,,,,,2018,20220321,2020NEI_methods,,,,,,,,,,,,,,,,,,,,,,,,,
US,06061,6,,,2461021000,,VOC,155.9371136,,,,,,,,,2018,20220321,2020NEI_methods,,,,,,,,,,,,,,,,,,,,,,,,,
US,06063,6,,,2461021000,,VOC,10.32684912,,,,,,,,,2018,20220321,2020NEI_methods,,,,,,,,,,,,,,,,,,,,,,,,,
US,06065,6,,,2461021000,,VOC,954.9897037,,,,,,,,,2018,20220321,2020NEI_methods,,,,,,,,,,,,,,,,,,,,,,,,,
US,06067,6,,,2461021000,,VOC,543.4395567,,,,,,,,,2018,20220321,2020NEI_methods,,,,,,,,,,,,,,,,,,,,,,,,,
US,06069,6,,,2461021000,,VOC,29.33628457,,,,,,,,,2018,20220321,2020NEI_methods,,,,,,,,,,,,,,,,,,,,,,,,,
US,06071,6,,,2461021000,,VOC,1014.211499,,,,,,,,,2018,20220321,2020NEI_methods,,,,,,,,,,,,,,,,,,,,,,,,,
US,06073,6,,,2461021000,,VOC,1277.210482,,,,,,,,,2018,20220321,2020NEI_methods,,,,,,,,,,,,,,,,,,,,,,,,,
US,06075,6,,,2461021000,,VOC,120.6048494,,,,,,,,,2018,20220321,2020NEI_methods,,,,,,,,,,,,,,,,,,,,,,,,,
US,06077,6,,,2461021000,,VOC,318.601313,,,,,,,,,2018,20220321,2020NEI_methods,,,,,,,,,,,,,,,,,,,,,,,,,
US,06079,6,,,2461021000,,VOC,137.1460671,,,,,,,,,2018,20220321,2020NEI_methods,,,,,,,,,,,,,,,,,,,,,,,,,
US,06081,6,,,2461021000,,VOC,288.5192772,,,,,,,,,2018,20220321,2020NEI_methods,,,,,,,,,,,,,,,,,,,,,,,,,
US,06083,6,,,2461021000,,VOC,157.1724487,,,,,,,,,2018,20220321,2020NEI_methods,,,,,,,,,,,,,,,,,,,,,,,,,
US,06085,6,,,2461021000,,VOC,639.4406754,,,,,,,,,2018,20220321,2020NEI_methods,,,,,,,,,,,,,,,,,,,,,,,,,
US,06087,6,,,2461021000,,VOC,86.04374149,,,,,,,,,2018,20220321,2020NEI_methods,,,,,,,,,,,,,,,,,,,,,,,,,
US,06089,6,,,2461021000,,VOC,85.77063588,,,,,,,,,2018,20220321,2020NEI_methods,,,,,,,,,,,,,,,,,,,,,,,,,
US,06091,6,,,2461021000,,VOC,4.075774719,,,,,,,,,2018,20220321,2020NEI_methods,,,,,,,,,,,,,,,,,,,,,,,,,
US,06093,6,,,2461021000,,VOC,38.26556003,,,,,,,,,2018,20220321,2020NEI_methods,,,,,,,,,,,,,,,,,,,,,,,,,
US,06095,6,,,2461021000,,VOC,226.4677415,,,,,,,,,2018,20220321,2020NEI_methods,,,,,,,,,,,,,,,,,,,,,,,,,
US,06097,6,,,2461021000,,VOC,184.7983969,,,,,,,,,2018,20220321,2020NEI_methods,,,,,,,,,,,,,,,,,,,,,,,,,
US,06099,6,,,2461021000,,VOC,210.8658078,,,,,,,,,2018,20220321,2020NEI_methods,,,,,,,,,,,,,,,,,,,,,,,,,
US,06101,6,,,2461021000,,VOC,40.75037234,,,,,,,,,2018,20220321,2020NEI_methods,,,,,,,,,,,,,,,,,,,,,,,,,
US,06103,6,,,2461021000,,VOC,42.67985167,,,,,,,,,2018,20220321,2020NEI_methods,,,,,,,,,,,,,,,,,,,,,,,,,
US,06105,6,,,2461021000,,VOC,7.175830437,,,,,,,,,2018,20220321,2020NEI_methods,,,,,,,,,,,,,,,,,,,,,,,,,
US,06107,6,,,2461021000,,VOC,170.5326288,,,,,,,,,2018,20220321,2020NEI_methods,,,,,,,,,,,,,,,,,,,,,,,,,
US,06109,6,,,2461021000,,VOC,23.89645766,,,,,,,,,2018,20220321,2020NEI_methods,,,,,,,,,,,,,,,,,,,,,,,,,
US,06111,6,,,2461021000,,VOC,291.1617302,,,,,,,,,2018,20220321,2020NEI_methods,,,,,,,,,,,,,,,,,,,,,,,,,
US,06113,6,,,2461021000,,VOC,97.04043605,,,,,,,,,2018,20220321,2020NEI_methods,,,,,,,,,,,,,,,,,,,,,,,,,
US,06115,6,,,2461021000,,VOC,31.28290438,,,,,,,,,2018,20220321,2020NEI_methods,,,,,,,,,,,,,,,,,,,,,,,,,
US,12001,12,,,2461021000,,VOC,1.371860944,,,,,,,,,2018,20220321,2020NEI_methods,,,,,,,,,,,,,,,,,,,,,,,,,
US,12003,12,,,2461021000,,VOC,0.209623619,,,,,,,,,2018,20220321,2020NEI_methods,,,,,,,,,,,,,,,,,,,,,,,,,
US,12005,12,,,2461021000,,VOC,0.827122927,,,,,,,,,2018,20220321,2020NEI_methods,,,,,,,,,,,,,,,,,,,,,,,,,
US,12007,12,,,2461021000,,VOC,0.121068673,,,,,,,,,2018,20220321,2020NEI_methods,,,,,,,,,,,,,,,,,,,,,,,,,
US,12009,12,,,2461021000,,VOC,3.101348254,,,,,,,,,2018,20220321,2020NEI_methods,,,,,,,,,,,,,,,,,,,,,,,,,
US,12011,12,,,2461021000,,VOC,8.266528551,,,,,,,,,2018,20220321,2020NEI_methods,,,,,,,,,,,,,,,,,,,,,,,,,
US,12013,12,,,2461021000,,VOC,0.053388602,,,,,,,,,2018,20220321,2020NEI_methods,,,,,,,,,,,,,,,,,,,,,,,,,
US,12015,12,,,2461021000,,VOC,0.942869909,,,,,,,,,2018,20220321,2020NEI_methods,,,,,,,,,,,,,,,,,,,,,,,,,
US,12017,12,,,2461021000,,VOC,0.60618443,,,,,,,,,2018,20220321,2020NEI_methods,,,,,,,,,,,,,,,,,,,,,,,,,
US,12019,12,,,2461021000,,VOC,0.741860145,,,,,,,,,2018,20220321,2020NEI_methods,,,,,,,,,,,,,,,,,,,,,,,,,
US,12021,12,,,2461021000,,VOC,1.756247702,,,,,,,,,2018,20220321,2020NEI_methods,,,,,,,,,,,,,,,,,,,,,,,,,
US,12023,12,,,2461021000,,VOC,0.582383207,,,,,,,,,2018,20220321,2020NEI_methods,,,,,,,,,,,,,,,,,,,,,,,,,
US,12027,12,,,2461021000,,VOC,0.145990598,,,,,,,,,2018,20220321,2020NEI_methods,,,,,,,,,,,,,,,,,,,,,,,,,
US,12029,12,,,2461021000,,VOC,0.058814839,,,,,,,,,2018,20220321,2020NEI_methods,,,,,,,,,,,,,,,,,,,,,,,,,
US,12031,12,,,2461021000,,VOC,5.329205568,,,,,,,,,2018,20220321,2020NEI_methods,,,,,,,,,,,,,,,,,,,,,,,,,
US,12033,12,,,2461021000,,VOC,1.543281465,,,,,,,,,2018,20220321,2020NEI_methods,,,,,,,,,,,,,,,,,,,,,,,,,
US,12035,12,,,2461021000,,VOC,0.575706435,,,,,,,,,2018,20220321,2020NEI_methods,,,,,,,,,,,,,,,,,,,,,,,,,
US,12037,12,,,2461021000,,VOC,0.051850281,,,,,,,,,2018,20220321,2020NEI_methods,,,,,,,,,,,,,,,,,,,,,,,,,
US,12039,12,,,2461021000,,VOC,0.308929658,,,,,,,,,2018,20220321,2020NEI_methods,,,,,,,,,,,,,,,,,,,,,,,,,
US,12041,12,,,2461021000,,VOC,0.059848142,,,,,,,,,2018,20220321,2020NEI_methods,,,,,,,,,,,,,,,,,,,,,,,,,
US,12043,12,,,2461021000,,VOC,0.066639402,,,,,,,,,2018,20220321,2020NEI_methods,,,,,,,,,,,,,,,,,,,,,,,,,
US,12045,12,,,2461021000,,VOC,0.057647636,,,,,,,,,2018,20220321,2020NEI_methods,,,,,,,,,,,,,,,,,,,,,,,,,
US,12047,12,,,2461021000,,VOC,0.23687128,,,,,,,,,2018,20220321,2020NEI_methods,,,,,,,,,,,,,,,,,,,,,,,,,
US,12049,12,,,2461021000,,VOC,0.118911618,,,,,,,,,2018,20220321,2020NEI_methods,,,,,,,,,,,,,,,,,,,,,,,,,
US,12051,12,,,2461021000,,VOC,0.158804148,,,,,,,,,2018,20220321,2020NEI_methods,,,,,,,,,,,,,,,,,,,,,,,,,
US,12053,12,,,2461021000,,VOC,0.834750157,,,,,,,,,2018,20220321,2020NEI_methods,,,,,,,,,,,,,,,,,,,,,,,,,
US,12055,12,,,2461021000,,VOC,0.394576681,,,,,,,,,2018,20220321,2020NEI_methods,,,,,,,,,,,,,,,,,,,,,,,,,
US,12057,12,,,2461021000,,VOC,6.723504978,,,,,,,,,2018,20220321,2020NEI_methods,,,,,,,,,,,,,,,,,,,,,,,,,
US,12059,12,,,2461021000,,VOC,0.106606019,,,,,,,,,2018,20220321,2020NEI_methods,,,,,,,,,,,,,,,,,,,,,,,,,
US,12061,12,,,2461021000,,VOC,0.813226373,,,,,,,,,2018,20220321,2020NEI_methods,,,,,,,,,,,,,,,,,,,,,,,,,
US,12063,12,,,2461021000,,VOC,0.31331165,,,,,,,,,2018,20220321,2020NEI_methods,,,,,,,,,,,,,,,,,,,,,,,,,
US,12065,12,,,2461021000,,VOC,0.135234119,,,,,,,,,2018,20220321,2020NEI_methods,,,,,,,,,,,,,,,,,,,,,,,,,
US,12067,12,,,2461021000,,VOC,0.02793201,,,,,,,,,2018,20220321,2020NEI_methods,,,,,,,,,,,,,,,,,,,,,,,,,
US,12069,12,,,2461021000,,VOC,1.698240018,,,,,,,,,2018,20220321,2020NEI_methods,,,,,,,,,,,,,,,,,,,,,,,,,
US,12071,12,,,2461021000,,VOC,3.435265229,,,,,,,,,2018,20220321,2020NEI_methods,,,,,,,,,,,,,,,,,,,,,,,,,
US,12073,12,,,2461021000,,VOC,1.204892416,,,,,,,,,2018,20220321,2020NEI_methods,,,,,,,,,,,,,,,,,,,,,,,,,
US,12075,12,,,2461021000,,VOC,0.158811738,,,,,,,,,2018,20220321,2020NEI_methods,,,,,,,,,,,,,,,,,,,,,,,,,
US,12077,12,,,2461021000,,VOC,0.028244659,,,,,,,,,2018,20220321,2020NEI_methods,,,,,,,,,,,,,,,,,,,,,,,,,
US,12079,12,,,2461021000,,VOC,0.184512686,,,,,,,,,2018,20220321,2020NEI_methods,,,,,,,,,,,,,,,,,,,,,,,,,
US,12081,12,,,2461021000,,VOC,1.754267732,,,,,,,,,2018,20220321,2020NEI_methods,,,,,,,,,,,,,,,,,,,,,,,,,
US,12083,12,,,2461021000,,VOC,1.938454665,,,,,,,,,2018,20220321,2020NEI_methods,,,,,,,,,,,,,,,,,,,,,,,,,
US,12085,12,,,2461021000,,VOC,1.11828503,,,,,,,,,2018,20220321,2020NEI_methods,,,,,,,,,,,,,,,,,,,,,,,,,
US,12086,12,,,2461021000,,VOC,9.847512921,,,,,,,,,2018,20220321,2020NEI_methods,,,,,,,,,,,,,,,,,,,,,,,,,
US,12087,12,,,2461021000,,VOC,0.457902836,,,,,,,,,2018,20220321,2020NEI_methods,,,,,,,,,,,,,,,,,,,,,,,,,
US,12089,12,,,2461021000,,VOC,0.495590219,,,,,,,,,2018,20220321,2020NEI_methods,,,,,,,,,,,,,,,,,,,,,,,,,
US,12091,12,,,2461021000,,VOC,1.011792326,,,,,,,,,2018,20220321,2020NEI_methods,,,,,,,,,,,,,,,,,,,,,,,,,
US,12093,12,,,2461021000,,VOC,0.207040409,,,,,,,,,2018,20220321,2020NEI_methods,,,,,,,,,,,,,,,,,,,,,,,,,
US,12095,12,,,2461021000,,VOC,7.683171165,,,,,,,,,2018,20220321,2020NEI_methods,,,,,,,,,,,,,,,,,,,,,,,,,
US,12097,12,,,2461021000,,VOC,1.970270552,,,,,,,,,2018,20220321,2020NEI_methods,,,,,,,,,,,,,,,,,,,,,,,,,
US,12099,12,,,2461021000,,VOC,7.208030023,,,,,,,,,2018,20220321,2020NEI_methods,,,,,,,,,,,,,,,,,,,,,,,,,
US,12101,12,,,2461021000,,VOC,2.488771568,,,,,,,,,2018,20220321,2020NEI_methods,,,,,,,,,,,,,,,,,,,,,,,,,
US,12103,12,,,2461021000,,VOC,3.892003317,,,,,,,,,2018,20220321,2020NEI_methods,,,,,,,,,,,,,,,,,,,,,,,,,
US,12105,12,,,2461021000,,VOC,3.288527648,,,,,,,,,2018,20220321,2020NEI_methods,,,,,,,,,,,,,,,,,,,,,,,,,
US,12107,12,,,2461021000,,VOC,0.281880904,,,,,,,,,2018,20220321,2020NEI_methods,,,,,,,,,,,,,,,,,,,,,,,,,
US,12109,12,,,2461021000,,VOC,1.375439134,,,,,,,,,2018,20220321,2020NEI_methods,,,,,,,,,,,,,,,,,,,,,,,,,
US,12111,12,,,2461021000,,VOC,1.625355285,,,,,,,,,2018,20220321,2020NEI_methods,,,,,,,,,,,,,,,,,,,,,,,,,
US,12113,12,,,2461021000,,VOC,0.885258721,,,,,,,,,2018,20220321,2020NEI_methods,,,,,,,,,,,,,,,,,,,,,,,,,
US,12115,12,,,2461021000,,VOC,2.100651075,,,,,,,,,2018,20220321,2020NEI_methods,,,,,,,,,,,,,,,,,,,,,,,,,
US,12117,12,,,2461021000,,VOC,2.028989329,,,,,,,,,2018,20220321,2020NEI_methods,,,,,,,,,,,,,,,,,,,,,,,,,
US,12119,12,,,2461021000,,VOC,0.797239075,,,,,,,,,2018,20220321,2020NEI_methods,,,,,,,,,,,,,,,,,,,,,,,,,
US,12121,12,,,2461021000,,VOC,0.293014585,,,,,,,,,2018,20220321,2020NEI_methods,,,,,,,,,,,,,,,,,,,,,,,,,
US,12123,12,,,2461021000,,VOC,0.095913086,,,,,,,,,2018,20220321,2020NEI_methods,,,,,,,,,,,,,,,,,,,,,,,,,
US,12125,12,,,2461021000,,VOC,0.053214909,,,,,,,,,2018,20220321,2020NEI_methods,,,,,,,,,,,,,,,,,,,,,,,,,
US,12127,12,,,2461021000,,VOC,2.820594766,,,,,,,,,2018,20220321,2020NEI_methods,,,,,,,,,,,,,,,,,,,,,,,,,
US,12129,12,,,2461021000,,VOC,0.109693289,,,,,,,,,2018,20220321,2020NEI_methods,,,,,,,,,,,,,,,,,,,,,,,,,
US,12131,12,,,2461021000,,VOC,0.487409793,,,,,,,,,2018,20220321,2020NEI_methods,,,,,,,,,,,,,,,,,,,,,,,,,
US,12133,12,,,2461021000,,VOC,0.146684825,,,,,,,,,2018,20220321,2020NEI_methods,,,,,,,,,,,,,,,,,,,,,,,,,
US,36001,36,,,2461021000,,VOC,1.913461504,,,,,,,,,2018,20220321,2020NEI_methods,,,,,,,,,,,,,,,,,,,,,,,,,
US,36003,36,,,2461021000,,VOC,0.220753051,,,,,,,,,2018,20220321,2020NEI_methods,,,,,,,,,,,,,,,,,,,,,,,,,
US,36005,36,,,2461021000,,VOC,3.057026241,,,,,,,,,2018,20220321,2020NEI_methods,,,,,,,,,,,,,,,,,,,,,,,,,
US,36007,36,,,2461021000,,VOC,1.122532022,,,,,,,,,2018,20220321,2020NEI_methods,,,,,,,,,,,,,,,,,,,,,,,,,
US,36009,36,,,2461021000,,VOC,0.451239236,,,,,,,,,2018,20220321,2020NEI_methods,,,,,,,,,,,,,,,,,,,,,,,,,
US,36011,36,,,2461021000,,VOC,0.395585458,,,,,,,,,2018,20220321,2020NEI_methods,,,,,,,,,,,,,,,,,,,,,,,,,
US,36013,36,,,2461021000,,VOC,0.779425935,,,,,,,,,2018,20220321,2020NEI_methods,,,,,,,,,,,,,,,,,,,,,,,,,
US,36015,36,,,2461021000,,VOC,0.498315324,,,,,,,,,2018,20220321,2020NEI_methods,,,,,,,,,,,,,,,,,,,,,,,,,
US,36017,36,,,2461021000,,VOC,0.242571442,,,,,,,,,2018,20220321,2020NEI_methods,,,,,,,,,,,,,,,,,,,,,,,,,
US,36019,36,,,2461021000,,VOC,0.395842313,,,,,,,,,2018,20220321,2020NEI_methods,,,,,,,,,,,,,,,,,,,,,,,,,
US,36021,36,,,2461021000,,VOC,0.42674347,,,,,,,,,2018,20220321,2020NEI_methods,,,,,,,,,,,,,,,,,,,,,,,,,
US,36023,36,,,2461021000,,VOC,0.321659078,,,,,,,,,2018,20220321,2020NEI_methods,,,,,,,,,,,,,,,,,,,,,,,,,
US,36025,36,,,2461021000,,VOC,0.287075299,,,,,,,,,2018,20220321,2020NEI_methods,,,,,,,,,,,,,,,,,,,,,,,,,
US,36027,36,,,2461021000,,VOC,1.633437547,,,,,,,,,2018,20220321,2020NEI_methods,,,,,,,,,,,,,,,,,,,,,,,,,
US,36029,36,,,2461021000,,VOC,4.46479347,,,,,,,,,2018,20220321,2020NEI_methods,,,,,,,,,,,,,,,,,,,,,,,,,
US,36031,36,,,2461021000,,VOC,0.29054043,,,,,,,,,2018,20220321,2020NEI_methods,,,,,,,,,,,,,,,,,,,,,,,,,
US,36033,36,,,2461021000,,VOC,0.230341828,,,,,,,,,2018,20220321,2020NEI_methods,,,,,,,,,,,,,,,,,,,,,,,,,
US,36035,36,,,2461021000,,VOC,0.218889451,,,,,,,,,2018,20220321,2020NEI_methods,,,,,,,,,,,,,,,,,,,,,,,,,
US,36037,36,,,2461021000,,VOC,0.541081165,,,,,,,,,2018,20220321,2020NEI_methods,,,,,,,,,,,,,,,,,,,,,,,,,
US,36039,36,,,2461021000,,VOC,0.402911321,,,,,,,,,2018,20220321,2020NEI_methods,,,,,,,,,,,,,,,,,,,,,,,,,
US,36041,36,,,2461021000,,VOC,0.05873127,,,,,,,,,2018,20220321,2020NEI_methods,,,,,,,,,,,,,,,,,,,,,,,,,
US,36043,36,,,2461021000,,VOC,0.402416823,,,,,,,,,2018,20220321,2020NEI_methods,,,,,,,,,,,,,,,,,,,,,,,,,
US,36045,36,,,2461021000,,VOC,0.609585268,,,,,,,,,2018,20220321,2020NEI_methods,,,,,,,,,,,,,,,,,,,,,,,,,
US,36047,36,,,2461021000,,VOC,4.539219228,,,,,,,,,2018,20220321,2020NEI_methods,,,,,,,,,,,,,,,,,,,,,,,,,
US,36049,36,,,2461021000,,VOC,0.116543772,,,,,,,,,2018,20220321,2020NEI_methods,,,,,,,,,,,,,,,,,,,,,,,,,
US,36051,36,,,2461021000,,VOC,0.391770334,,,,,,,,,2018,20220321,2020NEI_methods,,,,,,,,,,,,,,,,,,,,,,,,,
US,36053,36,,,2461021000,,VOC,0.416667367,,,,,,,,,2018,20220321,2020NEI_methods,,,,,,,,,,,,,,,,,,,,,,,,,
US,36055,36,,,2461021000,,VOC,3.826509523,,,,,,,,,2018,20220321,2020NEI_methods,,,,,,,,,,,,,,,,,,,,,,,,,
US,36057,36,,,2461021000,,VOC,0.437205215,,,,,,,,,2018,20220321,2020NEI_methods,,,,,,,,,,,,,,,,,,,,,,,,,
US,36059,36,,,2461021000,,VOC,6.534635065,,,,,,,,,2018,20220321,2020NEI_methods,,,,,,,,,,,,,,,,,,,,,,,,,
US,36061,36,,,2461021000,,VOC,3.056170874,,,,,,,,,2018,20220321,2020NEI_methods,,,,,,,,,,,,,,,,,,,,,,,,,
US,36063,36,,,2461021000,,VOC,0.823841918,,,,,,,,,2018,20220321,2020NEI_methods,,,,,,,,,,,,,,,,,,,,,,,,,
US,36065,36,,,2461021000,,VOC,1.244189896,,,,,,,,,2018,20220321,2020NEI_methods,,,,,,,,,,,,,,,,,,,,,,,,,
US,36067,36,,,2461021000,,VOC,2.506027271,,,,,,,,,2018,20220321,2020NEI_methods,,,,,,,,,,,,,,,,,,,,,,,,,
US,36069,36,,,2461021000,,VOC,0.776948737,,,,,,,,,2018,20220321,2020NEI_methods,,,,,,,,,,,,,,,,,,,,,,,,,
US,36071,36,,,2461021000,,VOC,2.710659048,,,,,,,,,2018,20220321,2020NEI_methods,,,,,,,,,,,,,,,,,,,,,,,,,
US,36073,36,,,2461021000,,VOC,0.149757647,,,,,,,,,2018,20220321,2020NEI_methods,,,,,,,,,,,,,,,,,,,,,,,,,
US,36075,36,,,2461021000,,VOC,0.569355967,,,,,,,,,2018,20220321,2020NEI_methods,,,,,,,,,,,,,,,,,,,,,,,,,
US,36077,36,,,2461021000,,VOC,0.330239595,,,,,,,,,2018,20220321,2020NEI_methods,,,,,,,,,,,,,,,,,,,,,,,,,
US,36079,36,,,2461021000,,VOC,0.766822612,,,,,,,,,2018,20220321,2020NEI_methods,,,,,,,,,,,,,,,,,,,,,,,,,
US,36081,36,,,2461021000,,VOC,5.854226686,,,,,,,,,2018,20220321,2020NEI_methods,,,,,,,,,,,,,,,,,,,,,,,,,
US,36083,36,,,2461021000,,VOC,0.744312959,,,,,,,,,2018,20220321,2020NEI_methods,,,,,,,,,,,,,,,,,,,,,,,,,
US,36085,36,,,2461021000,,VOC,1.570571012,,,,,,,,,2018,20220321,2020NEI_methods,,,,,,,,,,,,,,,,,,,,,,,,,
US,36087,36,,,2461021000,,VOC,1.79721611,,,,,,,,,2018,20220321,2020NEI_methods,,,,,,,,,,,,,,,,,,,,,,,,,
US,36089,36,,,2461021000,,VOC,0.451036679,,,,,,,,,2018,20220321,2020NEI_methods,,,,,,,,,,,,,,,,,,,,,,,,,
US,36091,36,,,2461021000,,VOC,1.348635694,,,,,,,,,2018,20220321,2020NEI_methods,,,,,,,,,,,,,,,,,,,,,,,,,
US,36093,36,,,2461021000,,VOC,0.691153185,,,,,,,,,2018,20220321,2020NEI_methods,,,,,,,,,,,,,,,,,,,,,,,,,
US,36095,36,,,2461021000,,VOC,0.182327236,,,,,,,,,2018,20220321,2020NEI_methods,,,,,,,,,,,,,,,,,,,,,,,,,
US,36097,36,,,2461021000,,VOC,0.094599375,,,,,,,,,2018,20220321,2020NEI_methods,,,,,,,,,,,,,,,,,,,,,,,,,
US,36099,36,,,2461021000,,VOC,0.27274227,,,,,,,,,2018,20220321,2020NEI_methods,,,,,,,,,,,,,,,,,,,,,,,,,
US,36101,36,,,2461021000,,VOC,0.700650466,,,,,,,,,2018,20220321,2020NEI_methods,,,,,,,,,,,,,,,,,,,,,,,,,
US,36103,36,,,2461021000,,VOC,8.817332722,,,,,,,,,2018,20220321,2020NEI_methods,,,,,,,,,,,,,,,,,,,,,,,,,
US,36105,36,,,2461021000,,VOC,0.505913723,,,,,,,,,2018,20220321,2020NEI_methods,,,,,,,,,,,,,,,,,,,,,,,,,
US,36107,36,,,2461021000,,VOC,0.329809303,,,,,,,,,2018,20220321,2020NEI_methods,,,,,,,,,,,,,,,,,,,,,,,,,
US,36109,36,,,2461021000,,VOC,0.407164919,,,,,,,,,2018,20220321,2020NEI_methods,,,,,,,,,,,,,,,,,,,,,,,,,
US,36111,36,,,2461021000,,VOC,1.182578317,,,,,,,,,2018,20220321,2020NEI_methods,,,,,,,,,,,,,,,,,,,,,,,,,
US,36113,36,,,2461021000,,VOC,0.458377836,,,,,,,,,2018,20220321,2020NEI_methods,,,,,,,,,,,,,,,,,,,,,,,,,
US,36115,36,,,2461021000,,VOC,0.272019021,,,,,,,,,2018,20220321,2020NEI_methods,,,,,,,,,,,,,,,,,,,,,,,,,
US,36117,36,,,2461021000,,VOC,0.383906576,,,,,,,,,2018,20220321,2020NEI_methods,,,,,,,,,,,,,,,,,,,,,,,,,
US,36119,36,,,2461021000,,VOC,5.426511925,,,,,,,,,2018,20220321,2020NEI_methods,,,,,,,,,,,,,,,,,,,,,,,,,
US,36121,36,,,2461021000,,VOC,0.161381787,,,,,,,,,2018,20220321,2020NEI_methods,,,,,,,,,,,,,,,,,,,,,,,,,
US,36123,36,,,2461021000,,VOC,0.111056641,,,,,,,,,2018,20220321,2020NEI_methods,,,,,,,,,,,,,,,,,,,,,,,,,
US,06001,6,,,2461022000,,VOC,430.5052916,,,,,,,,,2018,20220321,2020NEI_methods,,,,,,,,,,,,,,,,,,,,,,,,,
US,06003,6,,,2461022000,,VOC,3.474556653,,,,,,,,,2018,20220321,2020NEI_methods,,,,,,,,,,,,,,,,,,,,,,,,,
US,06005,6,,,2461022000,,VOC,11.76274419,,,,,,,,,2018,20220321,2020NEI_methods,,,,,,,,,,,,,,,,,,,,,,,,,
US,06007,6,,,2461022000,,VOC,52.24119008,,,,,,,,,2018,20220321,2020NEI_methods,,,,,,,,,,,,,,,,,,,,,,,,,
US,06009,6,,,2461022000,,VOC,12.29230154,,,,,,,,,2018,20220321,2020NEI_methods,,,,,,,,,,,,,,,,,,,,,,,,,
US,06011,6,,,2461022000,,VOC,19.50940427,,,,,,,,,2018,20220321,2020NEI_methods,,,,,,,,,,,,,,,,,,,,,,,,,
US,06013,6,,,2461022000,,VOC,267.2395603,,,,,,,,,2018,20220321,2020NEI_methods,,,,,,,,,,,,,,,,,,,,,,,,,
US,06015,6,,,2461022000,,VOC,7.936984195,,,,,,,,,2018,20220321,2020NEI_methods,,,,,,,,,,,,,,,,,,,,,,,,,
US,06017,6,,,2461022000,,VOC,47.82406904,,,,,,,,,2018,20220321,2020NEI_methods,,,,,,,,,,,,,,,,,,,,,,,,,
US,06019,6,,,2461022000,,VOC,254.1222931,,,,,,,,,2018,20220321,2020NEI_methods,,,,,,,,,,,,,,,,,,,,,,,,,
US,06021,6,,,2461022000,,VOC,15.51131739,,,,,,,,,2018,20220321,2020NEI_methods,,,,,,,,,,,,,,,,,,,,,,,,,
US,06023,6,,,2461022000,,VOC,40.27878388,,,,,,,,,2018,20220321,2020NEI_methods,,,,,,,,,,,,,,,,,,,,,,,,,
US,06025,6,,,2461022000,,VOC,68.0567904,,,,,,,,,2018,20220321,2020NEI_methods,,,,,,,,,,,,,,,,,,,,,,,,,
US,06027,6,,,2461022000,,VOC,17.36225828,,,,,,,,,2018,20220321,2020NEI_methods,,,,,,,,,,,,,,,,,,,,,,,,,
US,06029,6,,,2461022000,,VOC,278.8586324,,,,,,,,,2018,20220321,2020NEI_methods,,,,,,,,,,,,,,,,,,,,,,,,,
US,06031,6,,,2461022000,,VOC,49.06705122,,,,,,,,,2018,20220321,2020NEI_methods,,,,,,,,,,,,,,,,,,,,,,,,,
US,06033,6,,,2461022000,,VOC,21.19314507,,,,,,,,,2018,20220321,2020NEI_methods,,,,,,,,,,,,,,,,,,,,,,,,,
US,06035,6,,,2461022000,,VOC,11.25363732,,,,,,,,,2018,20220321,2020NEI_methods,,,,,,,,,,,,,,,,,,,,,,,,,
US,06037,6,,,2461022000,,VOC,2375.872877,,,,,,,,,2018,20220321,2020NEI_methods,,,,,,,,,,,,,,,,,,,,,,,,,
US,06039,6,,,2461022000,,VOC,50.68614836,,,,,,,,,2018,20220321,2020NEI_methods,,,,,,,,,,,,,,,,,,,,,,,,,
US,06041,6,,,2461022000,,VOC,79.84767734,,,,,,,,,2018,20220321,2020NEI_methods,,,,,,,,,,,,,,,,,,,,,,,,,
US,06043,6,,,2461022000,,VOC,4.98611289,,,,,,,,,2018,20220321,2020NEI_methods,,,,,,,,,,,,,,,,,,,,,,,,,
US,06045,6,,,2461022000,,VOC,30.51244589,,,,,,,,,2018,20220321,2020NEI_methods,,,,,,,,,,,,,,,,,,,,,,,,,
US,06047,6,,,2461022000,,VOC,92.67357912,,,,,,,,,2018,20220321,2020NEI_methods,,,,,,,,,,,,,,,,,,,,,,,,,
US,06049,6,,,2461022000,,VOC,3.356729976,,,,,,,,,2018,20220321,2020NEI_methods,,,,,,,,,,,,,,,,,,,,,,,,,
US,06051,6,,,2461022000,,VOC,9.788428656,,,,,,,,,2018,20220321,2020NEI_methods,,,,,,,,,,,,,,,,,,,,,,,,,
US,06053,6,,,2461022000,,VOC,110.9744199,,,,,,,,,2018,20220321,2020NEI_methods,,,,,,,,,,,,,,,,,,,,,,,,,
US,06055,6,,,2461022000,,VOC,34.51936775,,,,,,,,,2018,20220321,2020NEI_methods,,,,,,,,,,,,,,,,,,,,,,,,,
US,06057,6,,,2461022000,,VOC,33.64260814,,,,,,,,,2018,20220321,2020NEI_methods,,,,,,,,,,,,,,,,,,,,,,,,,
US,06059,6,,,2461022000,,VOC,851.392673,,,,,,,,,2018,20220321,2020NEI_methods,,,,,,,,,,,,,,,,,,,,,,,,,
US,06061,6,,,2461022000,,VOC,106.2760129,,,,,,,,,2018,20220321,2020NEI_methods,,,,,,,,,,,,,,,,,,,,,,,,,
US,06063,6,,,2461022000,,VOC,7.038070183,,,,,,,,,2018,20220321,2020NEI_methods,,,,,,,,,,,,,,,,,,,,,,,,,
US,06065,6,,,2461022000,,VOC,650.8553073,,,,,,,,,2018,20220321,2020NEI_methods,,,,,,,,,,,,,,,,,,,,,,,,,
US,06067,6,,,2461022000,,VOC,370.3710295,,,,,,,,,2018,20220321,2020NEI_methods,,,,,,,,,,,,,,,,,,,,,,,,,
US,06069,6,,,2461022000,,VOC,19.9935941,,,,,,,,,2018,20220321,2020NEI_methods,,,,,,,,,,,,,,,,,,,,,,,,,
US,06071,6,,,2461022000,,VOC,691.21681,,,,,,,,,2018,20220321,2020NEI_methods,,,,,,,,,,,,,,,,,,,,,,,,,
US,06073,6,,,2461022000,,VOC,870.4588305,,,,,,,,,2018,20220321,2020NEI_methods,,,,,,,,,,,,,,,,,,,,,,,,,
US,06075,6,,,2461022000,,VOC,82.19597135,,,,,,,,,2018,20220321,2020NEI_methods,,,,,,,,,,,,,,,,,,,,,,,,,
US,06077,6,,,2461022000,,VOC,217.1367447,,,,,,,,,2018,20220321,2020NEI_methods,,,,,,,,,,,,,,,,,,,,,,,,,
US,06079,6,,,2461022000,,VOC,93.4693278,,,,,,,,,2018,20220321,2020NEI_methods,,,,,,,,,,,,,,,,,,,,,,,,,
US,06081,6,,,2461022000,,VOC,196.6348978,,,,,,,,,2018,20220321,2020NEI_methods,,,,,,,,,,,,,,,,,,,,,,,,,
US,06083,6,,,2461022000,,VOC,107.1179323,,,,,,,,,2018,20220321,2020NEI_methods,,,,,,,,,,,,,,,,,,,,,,,,,
US,06085,6,,,2461022000,,VOC,435.79879,,,,,,,,,2018,20220321,2020NEI_methods,,,,,,,,,,,,,,,,,,,,,,,,,
US,06087,6,,,2461022000,,VOC,58.64149697,,,,,,,,,2018,20220321,2020NEI_methods,,,,,,,,,,,,,,,,,,,,,,,,,
US,06089,6,,,2461022000,,VOC,58.45536696,,,,,,,,,2018,20220321,2020NEI_methods,,,,,,,,,,,,,,,,,,,,,,,,,
US,06091,6,,,2461022000,,VOC,2.777767757,,,,,,,,,2018,20220321,2020NEI_methods,,,,,,,,,,,,,,,,,,,,,,,,,
US,06093,6,,,2461022000,,VOC,26.07917419,,,,,,,,,2018,20220321,2020NEI_methods,,,,,,,,,,,,,,,,,,,,,,,,,
US,06095,6,,,2461022000,,VOC,154.3448384,,,,,,,,,2018,20220321,2020NEI_methods,,,,,,,,,,,,,,,,,,,,,,,,,
US,06097,6,,,2461022000,,VOC,125.9458788,,,,,,,,,2018,20220321,2020NEI_methods,,,,,,,,,,,,,,,,,,,,,,,,,
US,06099,6,,,2461022000,,VOC,143.7116333,,,,,,,,,2018,20220321,2020NEI_methods,,,,,,,,,,,,,,,,,,,,,,,,,
US,06101,6,,,2461022000,,VOC,27.77265138,,,,,,,,,2018,20220321,2020NEI_methods,,,,,,,,,,,,,,,,,,,,,,,,,
US,06103,6,,,2461022000,,VOC,29.0876518,,,,,,,,,2018,20220321,2020NEI_methods,,,,,,,,,,,,,,,,,,,,,,,,,
US,06105,6,,,2461022000,,VOC,4.890552543,,,,,,,,,2018,20220321,2020NEI_methods,,,,,,,,,,,,,,,,,,,,,,,,,
US,06107,6,,,2461022000,,VOC,116.2233123,,,,,,,,,2018,20220321,2020NEI_methods,,,,,,,,,,,,,,,,,,,,,,,,,
US,06109,6,,,2461022000,,VOC,16.28618218,,,,,,,,,2018,20220321,2020NEI_methods,,,,,,,,,,,,,,,,,,,,,,,,,
US,06111,6,,,2461022000,,VOC,198.4358121,,,,,,,,,2018,20220321,2020NEI_methods,,,,,,,,,,,,,,,,,,,,,,,,,
US,06113,6,,,2461022000,,VOC,66.13608774,,,,,,,,,2018,20220321,2020NEI_methods,,,,,,,,,,,,,,,,,,,,,,,,,
US,06115,6,,,2461022000,,VOC,21.3202763,,,,,,,,,2018,20220321,2020NEI_methods,,,,,,,,,,,,,,,,,,,,,,,,,
US,12001,12,,,2461022000,,VOC,64.00062501,,,,,,,,,2018,20220321,2020NEI_methods,,,,,,,,,,,,,,,,,,,,,,,,,
US,12003,12,,,2461022000,,VOC,9.779447925,,,,,,,,,2018,20220321,2020NEI_methods,,,,,,,,,,,,,,,,,,,,,,,,,
US,12005,12,,,2461022000,,VOC,38.58728141,,,,,,,,,2018,20220321,2020NEI_methods,,,,,,,,,,,,,,,,,,,,,,,,,
US,12007,12,,,2461022000,,VOC,5.648145863,,,,,,,,,2018,20220321,2020NEI_methods,,,,,,,,,,,,,,,,,,,,,,,,,
US,12009,12,,,2461022000,,VOC,144.6853834,,,,,,,,,2018,20220321,2020NEI_methods,,,,,,,,,,,,,,,,,,,,,,,,,
US,12011,12,,,2461022000,,VOC,385.6535142,,,,,,,,,2018,20220321,2020NEI_methods,,,,,,,,,,,,,,,,,,,,,,,,,
US,12013,12,,,2461022000,,VOC,2.490707165,,,,,,,,,2018,20220321,2020NEI_methods,,,,,,,,,,,,,,,,,,,,,,,,,
US,12015,12,,,2461022000,,VOC,43.98715755,,,,,,,,,2018,20220321,2020NEI_methods,,,,,,,,,,,,,,,,,,,,,,,,,
US,12017,12,,,2461022000,,VOC,28.27996714,,,,,,,,,2018,20220321,2020NEI_methods,,,,,,,,,,,,,,,,,,,,,,,,,
US,12019,12,,,2461022000,,VOC,34.6095668,,,,,,,,,2018,20220321,2020NEI_methods,,,,,,,,,,,,,,,,,,,,,,,,,
US,12021,12,,,2461022000,,VOC,81.93319528,,,,,,,,,2018,20220321,2020NEI_methods,,,,,,,,,,,,,,,,,,,,,,,,,
US,12023,12,,,2461022000,,VOC,27.1695826,,,,,,,,,2018,20220321,2020NEI_methods,,,,,,,,,,,,,,,,,,,,,,,,,
US,12027,12,,,2461022000,,VOC,6.810813867,,,,,,,,,2018,20220321,2020NEI_methods,,,,,,,,,,,,,,,,,,,,,,,,,
US,12029,12,,,2461022000,,VOC,2.743854219,,,,,,,,,2018,20220321,2020NEI_methods,,,,,,,,,,,,,,,,,,,,,,,,,
US,12031,12,,,2461022000,,VOC,248.6203057,,,,,,,,,2018,20220321,2020NEI_methods,,,,,,,,,,,,,,,,,,,,,,,,,
US,12033,12,,,2461022000,,VOC,71.99780617,,,,,,,,,2018,20220321,2020NEI_methods,,,,,,,,,,,,,,,,,,,,,,,,,
US,12035,12,,,2461022000,,VOC,26.85809508,,,,,,,,,2018,20220321,2020NEI_methods,,,,,,,,,,,,,,,,,,,,,,,,,
US,12037,12,,,2461022000,,VOC,2.418940792,,,,,,,,,2018,20220321,2020NEI_methods,,,,,,,,,,,,,,,,,,,,,,,,,
US,12039,12,,,2461022000,,VOC,14.41231436,,,,,,,,,2018,20220321,2020NEI_methods,,,,,,,,,,,,,,,,,,,,,,,,,
US,12041,12,,,2461022000,,VOC,2.792060319,,,,,,,,,2018,20220321,2020NEI_methods,,,,,,,,,,,,,,,,,,,,,,,,,
US,12043,12,,,2461022000,,VOC,3.108888976,,,,,,,,,2018,20220321,2020NEI_methods,,,,,,,,,,,,,,,,,,,,,,,,,
US,12045,12,,,2461022000,,VOC,2.689401416,,,,,,,,,2018,20220321,2020NEI_methods,,,,,,,,,,,,,,,,,,,,,,,,,
US,12047,12,,,2461022000,,VOC,11.05061709,,,,,,,,,2018,20220321,2020NEI_methods,,,,,,,,,,,,,,,,,,,,,,,,,
US,12049,12,,,2461022000,,VOC,5.547514067,,,,,,,,,2018,20220321,2020NEI_methods,,,,,,,,,,,,,,,,,,,,,,,,,
US,12051,12,,,2461022000,,VOC,7.408596874,,,,,,,,,2018,20220321,2020NEI_methods,,,,,,,,,,,,,,,,,,,,,,,,,
US,12053,12,,,2461022000,,VOC,38.9431101,,,,,,,,,2018,20220321,2020NEI_methods,,,,,,,,,,,,,,,,,,,,,,,,,
US,12055,12,,,2461022000,,VOC,18.40795477,,,,,,,,,2018,20220321,2020NEI_methods,,,,,,,,,,,,,,,,,,,,,,,,,
US,12057,12,,,2461022000,,VOC,313.6677393,,,,,,,,,2018,20220321,2020NEI_methods,,,,,,,,,,,,,,,,,,,,,,,,,
US,12059,12,,,2461022000,,VOC,4.973428145,,,,,,,,,2018,20220321,2020NEI_methods,,,,,,,,,,,,,,,,,,,,,,,,,
US,12061,12,,,2461022000,,VOC,37.93897363,,,,,,,,,2018,20220321,2020NEI_methods,,,,,,,,,,,,,,,,,,,,,,,,,
US,12063,12,,,2461022000,,VOC,14.61674487,,,,,,,,,2018,20220321,2020NEI_methods,,,,,,,,,,,,,,,,,,,,,,,,,
US,12065,12,,,2461022000,,VOC,6.308998128,,,,,,,,,2018,20220321,2020NEI_methods,,,,,,,,,,,,,,,,,,,,,,,,,
US,12067,12,,,2461022000,,VOC,1.3030957,,,,,,,,,2018,20220321,2020NEI_methods,,,,,,,,,,,,,,,,,,,,,,,,,
US,12069,12,,,2461022000,,VOC,79.22699679,,,,,,,,,2018,20220321,2020NEI_methods,,,,,,,,,,,,,,,,,,,,,,,,,
US,12071,12,,,2461022000,,VOC,160.2634164,,,,,,,,,2018,20220321,2020NEI_methods,,,,,,,,,,,,,,,,,,,,,,,,,
US,12073,12,,,2461022000,,VOC,56.21114011,,,,,,,,,2018,20220321,2020NEI_methods,,,,,,,,,,,,,,,,,,,,,,,,,
US,12075,12,,,2461022000,,VOC,7.408950969,,,,,,,,,2018,20220321,2020NEI_methods,,,,,,,,,,,,,,,,,,,,,,,,,
US,12077,12,,,2461022000,,VOC,1.317681545,,,,,,,,,2018,20220321,2020NEI_methods,,,,,,,,,,,,,,,,,,,,,,,,,
US,12079,12,,,2461022000,,VOC,8.607962253,,,,,,,,,2018,20220321,2020NEI_methods,,,,,,,,,,,,,,,,,,,,,,,,,
US,12081,12,,,2461022000,,VOC,81.8408249,,,,,,,,,2018,20220321,2020NEI_methods,,,,,,,,,,,,,,,,,,,,,,,,,
US,12083,12,,,2461022000,,VOC,90.43359,,,,,,,,,2018,20220321,2020NEI_methods,,,,,,,,,,,,,,,,,,,,,,,,,
US,12085,12,,,2461022000,,VOC,52.17069645,,,,,,,,,2018,20220321,2020NEI_methods,,,,,,,,,,,,,,,,,,,,,,,,,
US,12086,12,,,2461022000,,VOC,459.4102519,,,,,,,,,2018,20220321,2020NEI_methods,,,,,,,,,,,,,,,,,,,,,,,,,
US,12087,12,,,2461022000,,VOC,21.36227276,,,,,,,,,2018,20220321,2020NEI_methods,,,,,,,,,,,,,,,,,,,,,,,,,
US,12089,12,,,2461022000,,VOC,23.12048017,,,,,,,,,2018,20220321,2020NEI_methods,,,,,,,,,,,,,,,,,,,,,,,,,
US,12091,12,,,2461022000,,VOC,47.2025547,,,,,,,,,2018,20220321,2020NEI_methods,,,,,,,,,,,,,,,,,,,,,,,,,
US,12093,12,,,2461022000,,VOC,9.658934932,,,,,,,,,2018,20220321,2020NEI_methods,,,,,,,,,,,,,,,,,,,,,,,,,
US,12095,12,,,2461022000,,VOC,358.4384838,,,,,,,,,2018,20220321,2020NEI_methods,,,,,,,,,,,,,,,,,,,,,,,,,
US,12097,12,,,2461022000,,VOC,91.91787791,,,,,,,,,2018,20220321,2020NEI_methods,,,,,,,,,,,,,,,,,,,,,,,,,
US,12099,12,,,2461022000,,VOC,336.2720024,,,,,,,,,2018,20220321,2020NEI_methods,,,,,,,,,,,,,,,,,,,,,,,,,
US,12101,12,,,2461022000,,VOC,116.1072021,,,,,,,,,2018,20220321,2020NEI_methods,,,,,,,,,,,,,,,,,,,,,,,,,
US,12103,12,,,2461022000,,VOC,181.5713509,,,,,,,,,2018,20220321,2020NEI_methods,,,,,,,,,,,,,,,,,,,,,,,,,
US,12105,12,,,2461022000,,VOC,153.417754,,,,,,,,,2018,20220321,2020NEI_methods,,,,,,,,,,,,,,,,,,,,,,,,,
US,12107,12,,,2461022000,,VOC,13.15042471,,,,,,,,,2018,20220321,2020NEI_methods,,,,,,,,,,,,,,,,,,,,,,,,,
US,12109,12,,,2461022000,,VOC,64.16755624,,,,,,,,,2018,20220321,2020NEI_methods,,,,,,,,,,,,,,,,,,,,,,,,,
US,12111,12,,,2461022000,,VOC,75.82674804,,,,,,,,,2018,20220321,2020NEI_methods,,,,,,,,,,,,,,,,,,,,,,,,,
US,12113,12,,,2461022000,,VOC,41.29945656,,,,,,,,,2018,20220321,2020NEI_methods,,,,,,,,,,,,,,,,,,,,,,,,,
US,12115,12,,,2461022000,,VOC,98.0004441,,,,,,,,,2018,20220321,2020NEI_methods,,,,,,,,,,,,,,,,,,,,,,,,,
US,12117,12,,,2461022000,,VOC,94.65725065,,,,,,,,,2018,20220321,2020NEI_methods,,,,,,,,,,,,,,,,,,,,,,,,,
US,12119,12,,,2461022000,,VOC,37.19312757,,,,,,,,,2018,20220321,2020NEI_methods,,,,,,,,,,,,,,,,,,,,,,,,,
US,12121,12,,,2461022000,,VOC,13.66983778,,,,,,,,,2018,20220321,2020NEI_methods,,,,,,,,,,,,,,,,,,,,,,,,,
US,12123,12,,,2461022000,,VOC,4.474577004,,,,,,,,,2018,20220321,2020NEI_methods,,,,,,,,,,,,,,,,,,,,,,,,,
US,12125,12,,,2461022000,,VOC,2.482603982,,,,,,,,,2018,20220321,2020NEI_methods,,,,,,,,,,,,,,,,,,,,,,,,,
US,12127,12,,,2461022000,,VOC,131.5875554,,,,,,,,,2018,20220321,2020NEI_methods,,,,,,,,,,,,,,,,,,,,,,,,,
US,12129,12,,,2461022000,,VOC,5.117456734,,,,,,,,,2018,20220321,2020NEI_methods,,,,,,,,,,,,,,,,,,,,,,,,,
US,12131,12,,,2461022000,,VOC,22.73884357,,,,,,,,,2018,20220321,2020NEI_methods,,,,,,,,,,,,,,,,,,,,,,,,,
US,12133,12,,,2461022000,,VOC,6.843201196,,,,,,,,,2018,20220321,2020NEI_methods,,,,,,,,,,,,,,,,,,,,,,,,,
US,36001,36,,,2461022000,,VOC,119.4924605,,,,,,,,,2018,20220321,2020NEI_methods,,,,,,,,,,,,,,,,,,,,,,,,,
US,36003,36,,,2461022000,,VOC,13.78565766,,,,,,,,,2018,20220321,2020NEI_methods,,,,,,,,,,,,,,,,,,,,,,,,,
US,36005,36,,,2461022000,,VOC,190.9061596,,,,,,,,,2018,20220321,2020NEI_methods,,,,,,,,,,,,,,,,,,,,,,,,,
US,36007,36,,,2461022000,,VOC,70.10024136,,,,,,,,,2018,20220321,2020NEI_methods,,,,,,,,,,,,,,,,,,,,,,,,,
US,36009,36,,,2461022000,,VOC,28.17913321,,,,,,,,,2018,20220321,2020NEI_methods,,,,,,,,,,,,,,,,,,,,,,,,,
US,36011,36,,,2461022000,,VOC,24.70364812,,,,,,,,,2018,20220321,2020NEI_methods,,,,,,,,,,,,,,,,,,,,,,,,,
US,36013,36,,,2461022000,,VOC,48.67384189,,,,,,,,,2018,20220321,2020NEI_methods,,,,,,,,,,,,,,,,,,,,,,,,,
US,36015,36,,,2461022000,,VOC,31.11895592,,,,,,,,,2018,20220321,2020NEI_methods,,,,,,,,,,,,,,,,,,,,,,,,,
US,36017,36,,,2461022000,,VOC,15.14817955,,,,,,,,,2018,20220321,2020NEI_methods,,,,,,,,,,,,,,,,,,,,,,,,,
US,36019,36,,,2461022000,,VOC,24.71968827,,,,,,,,,2018,20220321,2020NEI_methods,,,,,,,,,,,,,,,,,,,,,,,,,
US,36021,36,,,2461022000,,VOC,26.64941372,,,,,,,,,2018,20220321,2020NEI_methods,,,,,,,,,,,,,,,,,,,,,,,,,
US,36023,36,,,2461022000,,VOC,20.08706974,,,,,,,,,2018,20220321,2020NEI_methods,,,,,,,,,,,,,,,,,,,,,,,,,
US,36025,36,,,2461022000,,VOC,17.92737079,,,,,,,,,2018,20220321,2020NEI_methods,,,,,,,,,,,,,,,,,,,,,,,,,
US,36027,36,,,2461022000,,VOC,102.0054342,,,,,,,,,2018,20220321,2020NEI_methods,,,,,,,,,,,,,,,,,,,,,,,,,
US,36029,36,,,2461022000,,VOC,278.818861,,,,,,,,,2018,20220321,2020NEI_methods,,,,,,,,,,,,,,,,,,,,,,,,,
US,36031,36,,,2461022000,,VOC,18.14376238,,,,,,,,,2018,20220321,2020NEI_methods,,,,,,,,,,,,,,,,,,,,,,,,,
US,36033,36,,,2461022000,,VOC,14.3844607,,,,,,,,,2018,20220321,2020NEI_methods,,,,,,,,,,,,,,,,,,,,,,,,,
US,36035,36,,,2461022000,,VOC,13.66927894,,,,,,,,,2018,20220321,2020NEI_methods,,,,,,,,,,,,,,,,,,,,,,,,,
US,36037,36,,,2461022000,,VOC,33.78961091,,,,,,,,,2018,20220321,2020NEI_methods,,,,,,,,,,,,,,,,,,,,,,,,,
US,36039,36,,,2461022000,,VOC,25.16113598,,,,,,,,,2018,20220321,2020NEI_methods,,,,,,,,,,,,,,,,,,,,,,,,,
US,36041,36,,,2461022000,,VOC,3.667669264,,,,,,,,,2018,20220321,2020NEI_methods,,,,,,,,,,,,,,,,,,,,,,,,,
US,36043,36,,,2461022000,,VOC,25.13025541,,,,,,,,,2018,20220321,2020NEI_methods,,,,,,,,,,,,,,,,,,,,,,,,,
US,36045,36,,,2461022000,,VOC,38.06757723,,,,,,,,,2018,20220321,2020NEI_methods,,,,,,,,,,,,,,,,,,,,,,,,,
US,36047,36,,,2461022000,,VOC,283.4666248,,,,,,,,,2018,20220321,2020NEI_methods,,,,,,,,,,,,,,,,,,,,,,,,,
US,36049,36,,,2461022000,,VOC,7.277963007,,,,,,,,,2018,20220321,2020NEI_methods,,,,,,,,,,,,,,,,,,,,,,,,,
US,36051,36,,,2461022000,,VOC,24.46540002,,,,,,,,,2018,20220321,2020NEI_methods,,,,,,,,,,,,,,,,,,,,,,,,,
US,36053,36,,,2461022000,,VOC,26.02017798,,,,,,,,,2018,20220321,2020NEI_methods,,,,,,,,,,,,,,,,,,,,,,,,,
US,36055,36,,,2461022000,,VOC,238.9590995,,,,,,,,,2018,20220321,2020NEI_methods,,,,,,,,,,,,,,,,,,,,,,,,,
US,36057,36,,,2461022000,,VOC,27.30273215,,,,,,,,,2018,20220321,2020NEI_methods,,,,,,,,,,,,,,,,,,,,,,,,,
US,36059,36,,,2461022000,,VOC,408.0769958,,,,,,,,,2018,20220321,2020NEI_methods,,,,,,,,,,,,,,,,,,,,,,,,,
US,36061,36,,,2461022000,,VOC,190.8527434,,,,,,,,,2018,20220321,2020NEI_methods,,,,,,,,,,,,,,,,,,,,,,,,,
US,36063,36,,,2461022000,,VOC,51.4475455,,,,,,,,,2018,20220321,2020NEI_methods,,,,,,,,,,,,,,,,,,,,,,,,,
US,36065,36,,,2461022000,,VOC,77.69757147,,,,,,,,,2018,20220321,2020NEI_methods,,,,,,,,,,,,,,,,,,,,,,,,,
US,36067,36,,,2461022000,,VOC,156.4971984,,,,,,,,,2018,20220321,2020NEI_methods,,,,,,,,,,,,,,,,,,,,,,,,,
US,36069,36,,,2461022000,,VOC,48.51914505,,,,,,,,,2018,20220321,2020NEI_methods,,,,,,,,,,,,,,,,,,,,,,,,,
US,36071,36,,,2461022000,,VOC,169.2761096,,,,,,,,,2018,20220321,2020NEI_methods,,,,,,,,,,,,,,,,,,,,,,,,,
US,36073,36,,,2461022000,,VOC,9.35211376,,,,,,,,,2018,20220321,2020NEI_methods,,,,,,,,,,,,,,,,,,,,,,,,,
US,36075,36,,,2461022000,,VOC,35.55532489,,,,,,,,,2018,20220321,2020NEI_methods,,,,,,,,,,,,,,,,,,,,,,,,,
US,36077,36,,,2461022000,,VOC,20.6229086,,,,,,,,,2018,20220321,2020NEI_methods,,,,,,,,,,,,,,,,,,,,,,,,,
US,36079,36,,,2461022000,,VOC,47.88678552,,,,,,,,,2018,20220321,2020NEI_methods,,,,,,,,,,,,,,,,,,,,,,,,,
US,36081,36,,,2461022000,,VOC,365.5866342,,,,,,,,,2018,20220321,2020NEI_methods,,,,,,,,,,,,,,,,,,,,,,,,,
US,36083,36,,,2461022000,,VOC,46.48109543,,,,,,,,,2018,20220321,2020NEI_methods,,,,,,,,,,,,,,,,,,,,,,,,,
US,36085,36,,,2461022000,,VOC,98.07952456,,,,,,,,,2018,20220321,2020NEI_methods,,,,,,,,,,,,,,,,,,,,,,,,,
US,36087,36,,,2461022000,,VOC,112.2331306,,,,,,,,,2018,20220321,2020NEI_methods,,,,,,,,,,,,,,,,,,,,,,,,,
US,36089,36,,,2461022000,,VOC,28.16648386,,,,,,,,,2018,20220321,2020NEI_methods,,,,,,,,,,,,,,,,,,,,,,,,,
US,36091,36,,,2461022000,,VOC,84.22003634,,,,,,,,,2018,20220321,2020NEI_methods,,,,,,,,,,,,,,,,,,,,,,,,,
US,36093,36,,,2461022000,,VOC,43.1613568,,,,,,,,,2018,20220321,2020NEI_methods,,,,,,,,,,,,,,,,,,,,,,,,,
US,36095,36,,,2461022000,,VOC,11.38602999,,,,,,,,,2018,20220321,2020NEI_methods,,,,,,,,,,,,,,,,,,,,,,,,,
US,36097,36,,,2461022000,,VOC,5.907572254,,,,,,,,,2018,20220321,2020NEI_methods,,,,,,,,,,,,,,,,,,,,,,,,,
US,36099,36,,,2461022000,,VOC,17.03229718,,,,,,,,,2018,20220321,2020NEI_methods,,,,,,,,,,,,,,,,,,,,,,,,,
US,36101,36,,,2461022000,,VOC,43.75444604,,,,,,,,,2018,20220321,2020NEI_methods,,,,,,,,,,,,,,,,,,,,,,,,,
US,36103,36,,,2461022000,,VOC,550.6276346,,,,,,,,,2018,20220321,2020NEI_methods,,,,,,,,,,,,,,,,,,,,,,,,,
US,36105,36,,,2461022000,,VOC,31.59346319,,,,,,,,,2018,20220321,2020NEI_methods,,,,,,,,,,,,,,,,,,,,,,,,,
US,36107,36,,,2461022000,,VOC,20.59603763,,,,,,,,,2018,20220321,2020NEI_methods,,,,,,,,,,,,,,,,,,,,,,,,,
US,36109,36,,,2461022000,,VOC,25.42676606,,,,,,,,,2018,20220321,2020NEI_methods,,,,,,,,,,,,,,,,,,,,,,,,,
US,36111,36,,,2461022000,,VOC,73.85003173,,,,,,,,,2018,20220321,2020NEI_methods,,,,,,,,,,,,,,,,,,,,,,,,,
US,36113,36,,,2461022000,,VOC,28.62492677,,,,,,,,,2018,20220321,2020NEI_methods,,,,,,,,,,,,,,,,,,,,,,,,,
US,36115,36,,,2461022000,,VOC,16.98713146,,,,,,,,,2018,20220321,2020NEI_methods,,,,,,,,,,,,,,,,,,,,,,,,,
US,36117,36,,,2461022000,,VOC,23.97432155,,,,,,,,,2018,20220321,2020NEI_methods,,,,,,,,,,,,,,,,,,,,,,,,,
US,36119,36,,,2461022000,,VOC,338.876565,,,,,,,,,2018,20220321,2020NEI_methods,,,,,,,,,,,,,,,,,,,,,,,,,
US,36121,36,,,2461022000,,VOC,10.07802183,,,,,,,,,2018,20220321,2020NEI_methods,,,,,,,,,,,,,,,,,,,,,,,,,
US,36123,36,,,2461022000,,VOC,6.935300927,,,,,,,,,2018,20220321,2020NEI_methods,,,,,,,,,,,,,,,,,,,,,,,,,
US,06001,6,,,2461025100,,VOC,220.8133606,,,,,,,,,2018,20220321,2020NEI_methods,,,,,,,,,,,,,,,,,,,,,,,,,
US,06003,6,,,2461025100,,VOC,1.78215819,,,,,,,,,2018,20220321,2020NEI_methods,,,,,,,,,,,,,,,,,,,,,,,,,
US,06005,6,,,2461025100,,VOC,6.033308126,,,,,,,,,2018,20220321,2020NEI_methods,,,,,,,,,,,,,,,,,,,,,,,,,
US,06007,6,,,2461025100,,VOC,26.79537968,,,,,,,,,2018,20220321,2020NEI_methods,,,,,,,,,,,,,,,,,,,,,,,,,
US,06009,6,,,2461025100,,VOC,6.304926943,,,,,,,,,2018,20220321,2020NEI_methods,,,,,,,,,,,,,,,,,,,,,,,,,
US,06011,6,,,2461025100,,VOC,10.00669958,,,,,,,,,2018,20220321,2020NEI_methods,,,,,,,,,,,,,,,,,,,,,,,,,
US,06013,6,,,2461025100,,VOC,137.0716378,,,,,,,,,2018,20220321,2020NEI_methods,,,,,,,,,,,,,,,,,,,,,,,,,
US,06015,6,,,2461025100,,VOC,4.071011872,,,,,,,,,2018,20220321,2020NEI_methods,,,,,,,,,,,,,,,,,,,,,,,,,
US,06017,6,,,2461025100,,VOC,24.52976446,,,,,,,,,2018,20220321,2020NEI_methods,,,,,,,,,,,,,,,,,,,,,,,,,
US,06019,6,,,2461025100,,VOC,130.3435722,,,,,,,,,2018,20220321,2020NEI_methods,,,,,,,,,,,,,,,,,,,,,,,,,
US,06021,6,,,2461025100,,VOC,7.956013983,,,,,,,,,2018,20220321,2020NEI_methods,,,,,,,,,,,,,,,,,,,,,,,,,
US,06023,6,,,2461025100,,VOC,20.65966157,,,,,,,,,2018,20220321,2020NEI_methods,,,,,,,,,,,,,,,,,,,,,,,,,
US,06025,6,,,2461025100,,VOC,34.90746546,,,,,,,,,2018,20220321,2020NEI_methods,,,,,,,,,,,,,,,,,,,,,,,,,
US,06027,6,,,2461025100,,VOC,8.90539251,,,,,,,,,2018,20220321,2020NEI_methods,,,,,,,,,,,,,,,,,,,,,,,,,
US,06029,6,,,2461025100,,VOC,143.0312541,,,,,,,,,2018,20220321,2020NEI_methods,,,,,,,,,,,,,,,,,,,,,,,,,
US,06031,6,,,2461025100,,VOC,25.1673108,,,,,,,,,2018,20220321,2020NEI_methods,,,,,,,,,,,,,,,,,,,,,,,,,
US,06033,6,,,2461025100,,VOC,10.87031838,,,,,,,,,2018,20220321,2020NEI_methods,,,,,,,,,,,,,,,,,,,,,,,,,
US,06035,6,,,2461025100,,VOC,5.772178702,,,,,,,,,2018,20220321,2020NEI_methods,,,,,,,,,,,,,,,,,,,,,,,,,
US,06037,6,,,2461025100,,VOC,1218.624915,,,,,,,,,2018,20220321,2020NEI_methods,,,,,,,,,,,,,,,,,,,,,,,,,
US,06039,6,,,2461025100,,VOC,25.99777278,,,,,,,,,2018,20220321,2020NEI_methods,,,,,,,,,,,,,,,,,,,,,,,,,
US,06041,6,,,2461025100,,VOC,40.95520848,,,,,,,,,2018,20220321,2020NEI_methods,,,,,,,,,,,,,,,,,,,,,,,,,
US,06043,6,,,2461025100,,VOC,2.557460651,,,,,,,,,2018,20220321,2020NEI_methods,,,,,,,,,,,,,,,,,,,,,,,,,
US,06045,6,,,2461025100,,VOC,15.65034356,,,,,,,,,2018,20220321,2020NEI_methods,,,,,,,,,,,,,,,,,,,,,,,,,
US,06047,6,,,2461025100,,VOC,47.5338279,,,,,,,,,2018,20220321,2020NEI_methods,,,,,,,,,,,,,,,,,,,,,,,,,
US,06049,6,,,2461025100,,VOC,1.721722917,,,,,,,,,2018,20220321,2020NEI_methods,,,,,,,,,,,,,,,,,,,,,,,,,
US,06051,6,,,2461025100,,VOC,5.020648685,,,,,,,,,2018,20220321,2020NEI_methods,,,,,,,,,,,,,,,,,,,,,,,,,
US,06053,6,,,2461025100,,VOC,56.92063504,,,,,,,,,2018,20220321,2020NEI_methods,,,,,,,,,,,,,,,,,,,,,,,,,
US,06055,6,,,2461025100,,VOC,17.70556076,,,,,,,,,2018,20220321,2020NEI_methods,,,,,,,,,,,,,,,,,,,,,,,,,
US,06057,6,,,2461025100,,VOC,17.2558561,,,,,,,,,2018,20220321,2020NEI_methods,,,,,,,,,,,,,,,,,,,,,,,,,
US,06059,6,,,2461025100,,VOC,436.6935342,,,,,,,,,2018,20220321,2020NEI_methods,,,,,,,,,,,,,,,,,,,,,,,,,
US,06061,6,,,2461025100,,VOC,54.51074355,,,,,,,,,2018,20220321,2020NEI_methods,,,,,,,,,,,,,,,,,,,,,,,,,
US,06063,6,,,2461025100,,VOC,3.609943848,,,,,,,,,2018,20220321,2020NEI_methods,,,,,,,,,,,,,,,,,,,,,,,,,
US,06065,6,,,2461025100,,VOC,333.8345671,,,,,,,,,2018,20220321,2020NEI_methods,,,,,,,,,,,,,,,,,,,,,,,,,
US,06067,6,,,2461025100,,VOC,189.9694923,,,,,,,,,2018,20220321,2020NEI_methods,,,,,,,,,,,,,,,,,,,,,,,,,
US,06069,6,,,2461025100,,VOC,10.25504864,,,,,,,,,2018,20220321,2020NEI_methods,,,,,,,,,,,,,,,,,,,,,,,,,
US,06071,6,,,2461025100,,VOC,354.5366565,,,,,,,,,2018,20220321,2020NEI_methods,,,,,,,,,,,,,,,,,,,,,,,,,
US,06073,6,,,2461025100,,VOC,446.4728852,,,,,,,,,2018,20220321,2020NEI_methods,,,,,,,,,,,,,,,,,,,,,,,,,
US,06075,6,,,2461025100,,VOC,42.15968773,,,,,,,,,2018,20220321,2020NEI_methods,,,,,,,,,,,,,,,,,,,,,,,,,
US,06077,6,,,2461025100,,VOC,111.3730661,,,,,,,,,2018,20220321,2020NEI_methods,,,,,,,,,,,,,,,,,,,,,,,,,
US,06079,6,,,2461025100,,VOC,47.94198071,,,,,,,,,2018,20220321,2020NEI_methods,,,,,,,,,,,,,,,,,,,,,,,,,
US,06081,6,,,2461025100,,VOC,100.8573261,,,,,,,,,2018,20220321,2020NEI_methods,,,,,,,,,,,,,,,,,,,,,,,,,
US,06083,6,,,2461025100,,VOC,54.94257809,,,,,,,,,2018,20220321,2020NEI_methods,,,,,,,,,,,,,,,,,,,,,,,,,
US,06085,6,,,2461025100,,VOC,223.5284844,,,,,,,,,2018,20220321,2020NEI_methods,,,,,,,,,,,,,,,,,,,,,,,,,
US,06087,6,,,2461025100,,VOC,30.07820407,,,,,,,,,2018,20220321,2020NEI_methods,,,,,,,,,,,,,,,,,,,,,,,,,
US,06089,6,,,2461025100,,VOC,29.98273488,,,,,,,,,2018,20220321,2020NEI_methods,,,,,,,,,,,,,,,,,,,,,,,,,
US,06091,6,,,2461025100,,VOC,1.424763517,,,,,,,,,2018,20220321,2020NEI_methods,,,,,,,,,,,,,,,,,,,,,,,,,
US,06093,6,,,2461025100,,VOC,13.37644439,,,,,,,,,2018,20220321,2020NEI_methods,,,,,,,,,,,,,,,,,,,,,,,,,
US,06095,6,,,2461025100,,VOC,79.16604772,,,,,,,,,2018,20220321,2020NEI_methods,,,,,,,,,,,,,,,,,,,,,,,,,
US,06097,6,,,2461025100,,VOC,64.59974658,,,,,,,,,2018,20220321,2020NEI_methods,,,,,,,,,,,,,,,,,,,,,,,,,
US,06099,6,,,2461025100,,VOC,73.71209908,,,,,,,,,2018,20220321,2020NEI_methods,,,,,,,,,,,,,,,,,,,,,,,,,
US,06101,6,,,2461025100,,VOC,14.24505715,,,,,,,,,2018,20220321,2020NEI_methods,,,,,,,,,,,,,,,,,,,,,,,,,
US,06103,6,,,2461025100,,VOC,14.91954285,,,,,,,,,2018,20220321,2020NEI_methods,,,,,,,,,,,,,,,,,,,,,,,,,
US,06105,6,,,2461025100,,VOC,2.508446152,,,,,,,,,2018,20220321,2020NEI_methods,,,,,,,,,,,,,,,,,,,,,,,,,
US,06107,6,,,2461025100,,VOC,59.6128797,,,,,,,,,2018,20220321,2020NEI_methods,,,,,,,,,,,,,,,,,,,,,,,,,
US,06109,6,,,2461025100,,VOC,8.353455089,,,,,,,,,2018,20220321,2020NEI_methods,,,,,,,,,,,,,,,,,,,,,,,,,
US,06111,6,,,2461025100,,VOC,101.7810452,,,,,,,,,2018,20220321,2020NEI_methods,,,,,,,,,,,,,,,,,,,,,,,,,
US,06113,6,,,2461025100,,VOC,33.92230496,,,,,,,,,2018,20220321,2020NEI_methods,,,,,,,,,,,,,,,,,,,,,,,,,
US,06115,6,,,2461025100,,VOC,10.93552611,,,,,,,,,2018,20220321,2020NEI_methods,,,,,,,,,,,,,,,,,,,,,,,,,
US,12001,12,,,2461025100,,VOC,38.16502829,,,,,,,,,2018,20220321,2020NEI_methods,,,,,,,,,,,,,,,,,,,,,,,,,
US,12003,12,,,2461025100,,VOC,5.831707217,,,,,,,,,2018,20220321,2020NEI_methods,,,,,,,,,,,,,,,,,,,,,,,,,
US,12005,12,,,2461025100,,VOC,23.01047352,,,,,,,,,2018,20220321,2020NEI_methods,,,,,,,,,,,,,,,,,,,,,,,,,
US,12007,12,,,2461025100,,VOC,3.368117837,,,,,,,,,2018,20220321,2020NEI_methods,,,,,,,,,,,,,,,,,,,,,,,,,
US,12009,12,,,2461025100,,VOC,86.27918476,,,,,,,,,2018,20220321,2020NEI_methods,,,,,,,,,,,,,,,,,,,,,,,,,
US,12011,12,,,2461025100,,VOC,229.9739616,,,,,,,,,2018,20220321,2020NEI_methods,,,,,,,,,,,,,,,,,,,,,,,,,
US,12013,12,,,2461025100,,VOC,1.48526533,,,,,,,,,2018,20220321,2020NEI_methods,,,,,,,,,,,,,,,,,,,,,,,,,
US,12015,12,,,2461025100,,VOC,26.23054247,,,,,,,,,2018,20220321,2020NEI_methods,,,,,,,,,,,,,,,,,,,,,,,,,
US,12017,12,,,2461025100,,VOC,16.86398759,,,,,,,,,2018,20220321,2020NEI_methods,,,,,,,,,,,,,,,,,,,,,,,,,
US,12019,12,,,2461025100,,VOC,20.63847182,,,,,,,,,2018,20220321,2020NEI_methods,,,,,,,,,,,,,,,,,,,,,,,,,
US,12021,12,,,2461025100,,VOC,48.85862779,,,,,,,,,2018,20220321,2020NEI_methods,,,,,,,,,,,,,,,,,,,,,,,,,
US,12023,12,,,2461025100,,VOC,16.20184003,,,,,,,,,2018,20220321,2020NEI_methods,,,,,,,,,,,,,,,,,,,,,,,,,
US,12027,12,,,2461025100,,VOC,4.061443211,,,,,,,,,2018,20220321,2020NEI_methods,,,,,,,,,,,,,,,,,,,,,,,,,
US,12029,12,,,2461025100,,VOC,1.636222676,,,,,,,,,2018,20220321,2020NEI_methods,,,,,,,,,,,,,,,,,,,,,,,,,
US,12031,12,,,2461025100,,VOC,148.2579428,,,,,,,,,2018,20220321,2020NEI_methods,,,,,,,,,,,,,,,,,,,,,,,,,
US,12033,12,,,2461025100,,VOC,42.9339293,,,,,,,,,2018,20220321,2020NEI_methods,,,,,,,,,,,,,,,,,,,,,,,,,
US,12035,12,,,2461025100,,VOC,16.01609294,,,,,,,,,2018,20220321,2020NEI_methods,,,,,,,,,,,,,,,,,,,,,,,,,
US,12037,12,,,2461025100,,VOC,1.44246941,,,,,,,,,2018,20220321,2020NEI_methods,,,,,,,,,,,,,,,,,,,,,,,,,
US,12039,12,,,2461025100,,VOC,8.594390838,,,,,,,,,2018,20220321,2020NEI_methods,,,,,,,,,,,,,,,,,,,,,,,,,
US,12041,12,,,2461025100,,VOC,1.664969069,,,,,,,,,2018,20220321,2020NEI_methods,,,,,,,,,,,,,,,,,,,,,,,,,
US,12043,12,,,2461025100,,VOC,1.853901203,,,,,,,,,2018,20220321,2020NEI_methods,,,,,,,,,,,,,,,,,,,,,,,,,
US,12045,12,,,2461025100,,VOC,1.60375123,,,,,,,,,2018,20220321,2020NEI_methods,,,,,,,,,,,,,,,,,,,,,,,,,
US,12047,12,,,2461025100,,VOC,6.589734299,,,,,,,,,2018,20220321,2020NEI_methods,,,,,,,,,,,,,,,,,,,,,,,,,
US,12049,12,,,2461025100,,VOC,3.308108808,,,,,,,,,2018,20220321,2020NEI_methods,,,,,,,,,,,,,,,,,,,,,,,,,
US,12051,12,,,2461025100,,VOC,4.417914813,,,,,,,,,2018,20220321,2020NEI_methods,,,,,,,,,,,,,,,,,,,,,,,,,
US,12053,12,,,2461025100,,VOC,23.22266226,,,,,,,,,2018,20220321,2020NEI_methods,,,,,,,,,,,,,,,,,,,,,,,,,
US,12055,12,,,2461025100,,VOC,10.97708209,,,,,,,,,2018,20220321,2020NEI_methods,,,,,,,,,,,,,,,,,,,,,,,,,
US,12057,12,,,2461025100,,VOC,187.0472068,,,,,,,,,2018,20220321,2020NEI_methods,,,,,,,,,,,,,,,,,,,,,,,,,
US,12059,12,,,2461025100,,VOC,2.965768316,,,,,,,,,2018,20220321,2020NEI_methods,,,,,,,,,,,,,,,,,,,,,,,,,
US,12061,12,,,2461025100,,VOC,22.62387284,,,,,,,,,2018,20220321,2020NEI_methods,,,,,,,,,,,,,,,,,,,,,,,,,
US,12063,12,,,2461025100,,VOC,8.716297403,,,,,,,,,2018,20220321,2020NEI_methods,,,,,,,,,,,,,,,,,,,,,,,,,
US,12065,12,,,2461025100,,VOC,3.762199073,,,,,,,,,2018,20220321,2020NEI_methods,,,,,,,,,,,,,,,,,,,,,,,,,
US,12067,12,,,2461025100,,VOC,0.777065603,,,,,,,,,2018,20220321,2020NEI_methods,,,,,,,,,,,,,,,,,,,,,,,,,
US,12069,12,,,2461025100,,VOC,47.24486009,,,,,,,,,2018,20220321,2020NEI_methods,,,,,,,,,,,,,,,,,,,,,,,,,
US,12071,12,,,2461025100,,VOC,95.56872016,,,,,,,,,2018,20220321,2020NEI_methods,,,,,,,,,,,,,,,,,,,,,,,,,
US,12073,12,,,2461025100,,VOC,33.51998129,,,,,,,,,2018,20220321,2020NEI_methods,,,,,,,,,,,,,,,,,,,,,,,,,
US,12075,12,,,2461025100,,VOC,4.418125968,,,,,,,,,2018,20220321,2020NEI_methods,,,,,,,,,,,,,,,,,,,,,,,,,
US,12077,12,,,2461025100,,VOC,0.785763474,,,,,,,,,2018,20220321,2020NEI_methods,,,,,,,,,,,,,,,,,,,,,,,,,
US,12079,12,,,2461025100,,VOC,5.133123666,,,,,,,,,2018,20220321,2020NEI_methods,,,,,,,,,,,,,,,,,,,,,,,,,
US,12081,12,,,2461025100,,VOC,48.80354523,,,,,,,,,2018,20220321,2020NEI_methods,,,,,,,,,,,,,,,,,,,,,,,,,
US,12083,12,,,2461025100,,VOC,53.92760649,,,,,,,,,2018,20220321,2020NEI_methods,,,,,,,,,,,,,,,,,,,,,,,,,
US,12085,12,,,2461025100,,VOC,31.11057284,,,,,,,,,2018,20220321,2020NEI_methods,,,,,,,,,,,,,,,,,,,,,,,,,
US,12086,12,,,2461025100,,VOC,273.9567818,,,,,,,,,2018,20220321,2020NEI_methods,,,,,,,,,,,,,,,,,,,,,,,,,
US,12087,12,,,2461025100,,VOC,12.7388091,,,,,,,,,2018,20220321,2020NEI_methods,,,,,,,,,,,,,,,,,,,,,,,,,
US,12089,12,,,2461025100,,VOC,13.78726817,,,,,,,,,2018,20220321,2020NEI_methods,,,,,,,,,,,,,,,,,,,,,,,,,
US,12091,12,,,2461025100,,VOC,28.14795692,,,,,,,,,2018,20220321,2020NEI_methods,,,,,,,,,,,,,,,,,,,,,,,,,
US,12093,12,,,2461025100,,VOC,5.759842578,,,,,,,,,2018,20220321,2020NEI_methods,,,,,,,,,,,,,,,,,,,,,,,,,
US,12095,12,,,2461025100,,VOC,213.74502,,,,,,,,,2018,20220321,2020NEI_methods,,,,,,,,,,,,,,,,,,,,,,,,,
US,12097,12,,,2461025100,,VOC,54.81272113,,,,,,,,,2018,20220321,2020NEI_methods,,,,,,,,,,,,,,,,,,,,,,,,,
US,12099,12,,,2461025100,,VOC,200.526643,,,,,,,,,2018,20220321,2020NEI_methods,,,,,,,,,,,,,,,,,,,,,,,,,
US,12101,12,,,2461025100,,VOC,69.2373653,,,,,,,,,2018,20220321,2020NEI_methods,,,,,,,,,,,,,,,,,,,,,,,,,
US,12103,12,,,2461025100,,VOC,108.2751261,,,,,,,,,2018,20220321,2020NEI_methods,,,,,,,,,,,,,,,,,,,,,,,,,
US,12105,12,,,2461025100,,VOC,91.48649597,,,,,,,,,2018,20220321,2020NEI_methods,,,,,,,,,,,,,,,,,,,,,,,,,
US,12107,12,,,2461025100,,VOC,7.841897341,,,,,,,,,2018,20220321,2020NEI_methods,,,,,,,,,,,,,,,,,,,,,,,,,
US,12109,12,,,2461025100,,VOC,38.26457318,,,,,,,,,2018,20220321,2020NEI_methods,,,,,,,,,,,,,,,,,,,,,,,,,
US,12111,12,,,2461025100,,VOC,45.21721442,,,,,,,,,2018,20220321,2020NEI_methods,,,,,,,,,,,,,,,,,,,,,,,,,
US,12113,12,,,2461025100,,VOC,24.62780524,,,,,,,,,2018,20220321,2020NEI_methods,,,,,,,,,,,,,,,,,,,,,,,,,
US,12115,12,,,2461025100,,VOC,58.43989369,,,,,,,,,2018,20220321,2020NEI_methods,,,,,,,,,,,,,,,,,,,,,,,,,
US,12117,12,,,2461025100,,VOC,56.4462714,,,,,,,,,2018,20220321,2020NEI_methods,,,,,,,,,,,,,,,,,,,,,,,,,
US,12119,12,,,2461025100,,VOC,22.17910787,,,,,,,,,2018,20220321,2020NEI_methods,,,,,,,,,,,,,,,,,,,,,,,,,
US,12121,12,,,2461025100,,VOC,8.151635169,,,,,,,,,2018,20220321,2020NEI_methods,,,,,,,,,,,,,,,,,,,,,,,,,
US,12123,12,,,2461025100,,VOC,2.668292035,,,,,,,,,2018,20220321,2020NEI_methods,,,,,,,,,,,,,,,,,,,,,,,,,
US,12125,12,,,2461025100,,VOC,1.480433218,,,,,,,,,2018,20220321,2020NEI_methods,,,,,,,,,,,,,,,,,,,,,,,,,
US,12127,12,,,2461025100,,VOC,78.46865203,,,,,,,,,2018,20220321,2020NEI_methods,,,,,,,,,,,,,,,,,,,,,,,,,
US,12129,12,,,2461025100,,VOC,3.051655839,,,,,,,,,2018,20220321,2020NEI_methods,,,,,,,,,,,,,,,,,,,,,,,,,
US,12131,12,,,2461025100,,VOC,13.55968958,,,,,,,,,2018,20220321,2020NEI_methods,,,,,,,,,,,,,,,,,,,,,,,,,
US,12133,12,,,2461025100,,VOC,4.080756511,,,,,,,,,2018,20220321,2020NEI_methods,,,,,,,,,,,,,,,,,,,,,,,,,
US,36001,36,,,2461025100,,VOC,64.62132452,,,,,,,,,2018,20220321,2020NEI_methods,,,,,,,,,,,,,,,,,,,,,,,,,
US,36003,36,,,2461025100,,VOC,7.455260808,,,,,,,,,2018,20220321,2020NEI_methods,,,,,,,,,,,,,,,,,,,,,,,,,
US,36005,36,,,2461025100,,VOC,103.2417346,,,,,,,,,2018,20220321,2020NEI_methods,,,,,,,,,,,,,,,,,,,,,,,,,
US,36007,36,,,2461025100,,VOC,37.91009432,,,,,,,,,2018,20220321,2020NEI_methods,,,,,,,,,,,,,,,,,,,,,,,,,
US,36009,36,,,2461025100,,VOC,15.23922853,,,,,,,,,2018,20220321,2020NEI_methods,,,,,,,,,,,,,,,,,,,,,,,,,
US,36011,36,,,2461025100,,VOC,13.35969195,,,,,,,,,2018,20220321,2020NEI_methods,,,,,,,,,,,,,,,,,,,,,,,,,
US,36013,36,,,2461025100,,VOC,26.322733,,,,,,,,,2018,20220321,2020NEI_methods,,,,,,,,,,,,,,,,,,,,,,,,,
US,36015,36,,,2461025100,,VOC,16.82907977,,,,,,,,,2018,20220321,2020NEI_methods,,,,,,,,,,,,,,,,,,,,,,,,,
US,36017,36,,,2461025100,,VOC,8.192110386,,,,,,,,,2018,20220321,2020NEI_methods,,,,,,,,,,,,,,,,,,,,,,,,,
US,36019,36,,,2461025100,,VOC,13.36836643,,,,,,,,,2018,20220321,2020NEI_methods,,,,,,,,,,,,,,,,,,,,,,,,,
US,36021,36,,,2461025100,,VOC,14.41195876,,,,,,,,,2018,20220321,2020NEI_methods,,,,,,,,,,,,,,,,,,,,,,,,,
US,36023,36,,,2461025100,,VOC,10.86305402,,,,,,,,,2018,20220321,2020NEI_methods,,,,,,,,,,,,,,,,,,,,,,,,,
US,36025,36,,,2461025100,,VOC,9.695092401,,,,,,,,,2018,20220321,2020NEI_methods,,,,,,,,,,,,,,,,,,,,,,,,,
US,36027,36,,,2461025100,,VOC,55.16436969,,,,,,,,,2018,20220321,2020NEI_methods,,,,,,,,,,,,,,,,,,,,,,,,,
US,36029,36,,,2461025100,,VOC,150.7847778,,,,,,,,,2018,20220321,2020NEI_methods,,,,,,,,,,,,,,,,,,,,,,,,,
US,36031,36,,,2461025100,,VOC,9.812116617,,,,,,,,,2018,20220321,2020NEI_methods,,,,,,,,,,,,,,,,,,,,,,,,,
US,36033,36,,,2461025100,,VOC,7.779092502,,,,,,,,,2018,20220321,2020NEI_methods,,,,,,,,,,,,,,,,,,,,,,,,,
US,36035,36,,,2461025100,,VOC,7.392323387,,,,,,,,,2018,20220321,2020NEI_methods,,,,,,,,,,,,,,,,,,,,,,,,,
US,36037,36,,,2461025100,,VOC,18.27336556,,,,,,,,,2018,20220321,2020NEI_methods,,,,,,,,,,,,,,,,,,,,,,,,,
US,36039,36,,,2461025100,,VOC,13.60710063,,,,,,,,,2018,20220321,2020NEI_methods,,,,,,,,,,,,,,,,,,,,,,,,,
US,36041,36,,,2461025100,,VOC,1.983469458,,,,,,,,,2018,20220321,2020NEI_methods,,,,,,,,,,,,,,,,,,,,,,,,,
US,36043,36,,,2461025100,,VOC,13.59040046,,,,,,,,,2018,20220321,2020NEI_methods,,,,,,,,,,,,,,,,,,,,,,,,,
US,36045,36,,,2461025100,,VOC,20.58688266,,,,,,,,,2018,20220321,2020NEI_methods,,,,,,,,,,,,,,,,,,,,,,,,,
US,36047,36,,,2461025100,,VOC,153.2982807,,,,,,,,,2018,20220321,2020NEI_methods,,,,,,,,,,,,,,,,,,,,,,,,,
US,36049,36,,,2461025100,,VOC,3.935910329,,,,,,,,,2018,20220321,2020NEI_methods,,,,,,,,,,,,,,,,,,,,,,,,,
US,36051,36,,,2461025100,,VOC,13.23084777,,,,,,,,,2018,20220321,2020NEI_methods,,,,,,,,,,,,,,,,,,,,,,,,,
US,36053,36,,,2461025100,,VOC,14.07166911,,,,,,,,,2018,20220321,2020NEI_methods,,,,,,,,,,,,,,,,,,,,,,,,,
US,36055,36,,,2461025100,,VOC,129.2286849,,,,,,,,,2018,20220321,2020NEI_methods,,,,,,,,,,,,,,,,,,,,,,,,,
US,36057,36,,,2461025100,,VOC,14.76527229,,,,,,,,,2018,20220321,2020NEI_methods,,,,,,,,,,,,,,,,,,,,,,,,,
US,36059,36,,,2461025100,,VOC,220.6873628,,,,,,,,,2018,20220321,2020NEI_methods,,,,,,,,,,,,,,,,,,,,,,,,,
US,36061,36,,,2461025100,,VOC,103.2128472,,,,,,,,,2018,20220321,2020NEI_methods,,,,,,,,,,,,,,,,,,,,,,,,,
US,36063,36,,,2461025100,,VOC,27.82274731,,,,,,,,,2018,20220321,2020NEI_methods,,,,,,,,,,,,,,,,,,,,,,,,,
US,36065,36,,,2461025100,,VOC,42.01871784,,,,,,,,,2018,20220321,2020NEI_methods,,,,,,,,,,,,,,,,,,,,,,,,,
US,36067,36,,,2461025100,,VOC,84.63342546,,,,,,,,,2018,20220321,2020NEI_methods,,,,,,,,,,,,,,,,,,,,,,,,,
US,36069,36,,,2461025100,,VOC,26.2390732,,,,,,,,,2018,20220321,2020NEI_methods,,,,,,,,,,,,,,,,,,,,,,,,,
US,36071,36,,,2461025100,,VOC,91.54423942,,,,,,,,,2018,20220321,2020NEI_methods,,,,,,,,,,,,,,,,,,,,,,,,,
US,36073,36,,,2461025100,,VOC,5.057607617,,,,,,,,,2018,20220321,2020NEI_methods,,,,,,,,,,,,,,,,,,,,,,,,,
US,36075,36,,,2461025100,,VOC,19.22826076,,,,,,,,,2018,20220321,2020NEI_methods,,,,,,,,,,,,,,,,,,,,,,,,,
US,36077,36,,,2461025100,,VOC,11.15283478,,,,,,,,,2018,20220321,2020NEI_methods,,,,,,,,,,,,,,,,,,,,,,,,,
US,36079,36,,,2461025100,,VOC,25.89709422,,,,,,,,,2018,20220321,2020NEI_methods,,,,,,,,,,,,,,,,,,,,,,,,,
US,36081,36,,,2461025100,,VOC,197.7086457,,,,,,,,,2018,20220321,2020NEI_methods,,,,,,,,,,,,,,,,,,,,,,,,,
US,36083,36,,,2461025100,,VOC,25.13689935,,,,,,,,,2018,20220321,2020NEI_methods,,,,,,,,,,,,,,,,,,,,,,,,,
US,36085,36,,,2461025100,,VOC,53.04124428,,,,,,,,,2018,20220321,2020NEI_methods,,,,,,,,,,,,,,,,,,,,,,,,,
US,36087,36,,,2461025100,,VOC,60.69549099,,,,,,,,,2018,20220321,2020NEI_methods,,,,,,,,,,,,,,,,,,,,,,,,,
US,36089,36,,,2461025100,,VOC,15.23238778,,,,,,,,,2018,20220321,2020NEI_methods,,,,,,,,,,,,,,,,,,,,,,,,,
US,36091,36,,,2461025100,,VOC,45.54605603,,,,,,,,,2018,20220321,2020NEI_methods,,,,,,,,,,,,,,,,,,,,,,,,,
US,36093,36,,,2461025100,,VOC,23.3415902,,,,,,,,,2018,20220321,2020NEI_methods,,,,,,,,,,,,,,,,,,,,,,,,,
US,36095,36,,,2461025100,,VOC,6.157546143,,,,,,,,,2018,20220321,2020NEI_methods,,,,,,,,,,,,,,,,,,,,,,,,,
US,36097,36,,,2461025100,,VOC,3.194805281,,,,,,,,,2018,20220321,2020NEI_methods,,,,,,,,,,,,,,,,,,,,,,,,,
US,36099,36,,,2461025100,,VOC,9.211038078,,,,,,,,,2018,20220321,2020NEI_methods,,,,,,,,,,,,,,,,,,,,,,,,,
US,36101,36,,,2461025100,,VOC,23.66233188,,,,,,,,,2018,20220321,2020NEI_methods,,,,,,,,,,,,,,,,,,,,,,,,,
US,36103,36,,,2461025100,,VOC,297.7785119,,,,,,,,,2018,20220321,2020NEI_methods,,,,,,,,,,,,,,,,,,,,,,,,,
US,36105,36,,,2461025100,,VOC,17.08569252,,,,,,,,,2018,20220321,2020NEI_methods,,,,,,,,,,,,,,,,,,,,,,,,,
US,36107,36,,,2461025100,,VOC,11.138303,,,,,,,,,2018,20220321,2020NEI_methods,,,,,,,,,,,,,,,,,,,,,,,,,
US,36109,36,,,2461025100,,VOC,13.75075293,,,,,,,,,2018,20220321,2020NEI_methods,,,,,,,,,,,,,,,,,,,,,,,,,
US,36111,36,,,2461025100,,VOC,39.93797473,,,,,,,,,2018,20220321,2020NEI_methods,,,,,,,,,,,,,,,,,,,,,,,,,
US,36113,36,,,2461025100,,VOC,15.48031294,,,,,,,,,2018,20220321,2020NEI_methods,,,,,,,,,,,,,,,,,,,,,,,,,
US,36115,36,,,2461025100,,VOC,9.186612534,,,,,,,,,2018,20220321,2020NEI_methods,,,,,,,,,,,,,,,,,,,,,,,,,
US,36117,36,,,2461025100,,VOC,12.96527335,,,,,,,,,2018,20220321,2020NEI_methods,,,,,,,,,,,,,,,,,,,,,,,,,
US,36119,36,,,2461025100,,VOC,183.2638846,,,,,,,,,2018,20220321,2020NEI_methods,,,,,,,,,,,,,,,,,,,,,,,,,
US,36121,36,,,2461025100,,VOC,5.450177497,,,,,,,,,2018,20220321,2020NEI_methods,,,,,,,,,,,,,,,,,,,,,,,,,
US,36123,36,,,2461025100,,VOC,3.750599244,,,,,,,,,2018,20220321,2020NEI_methods,,,,,,,,,,,,,,,,,,,,,,,,,
US,06001,6,,,2461025200,,VOC,26.97661939,,,,,,,,,2018,20220321,2020NEI_methods,,,,,,,,,,,,,,,,,,,,,,,,,
US,06003,6,,,2461025200,,VOC,0.217725064,,,,,,,,,2018,20220321,2020NEI_methods,,,,,,,,,,,,,,,,,,,,,,,,,
US,06005,6,,,2461025200,,VOC,0.737085186,,,,,,,,,2018,20220321,2020NEI_methods,,,,,,,,,,,,,,,,,,,,,,,,,
US,06007,6,,,2461025200,,VOC,3.27357347,,,,,,,,,2018,20220321,2020NEI_methods,,,,,,,,,,,,,,,,,,,,,,,,,
US,06009,6,,,2461025200,,VOC,0.770268674,,,,,,,,,2018,20220321,2020NEI_methods,,,,,,,,,,,,,,,,,,,,,,,,,
US,06011,6,,,2461025200,,VOC,1.22251174,,,,,,,,,2018,20220321,2020NEI_methods,,,,,,,,,,,,,,,,,,,,,,,,,
US,06013,6,,,2461025200,,VOC,16.74594957,,,,,,,,,2018,20220321,2020NEI_methods,,,,,,,,,,,,,,,,,,,,,,,,,
US,06015,6,,,2461025200,,VOC,0.497352776,,,,,,,,,2018,20220321,2020NEI_methods,,,,,,,,,,,,,,,,,,,,,,,,,
US,06017,6,,,2461025200,,VOC,2.996784786,,,,,,,,,2018,20220321,2020NEI_methods,,,,,,,,,,,,,,,,,,,,,,,,,
US,06019,6,,,2461025200,,VOC,15.92398633,,,,,,,,,2018,20220321,2020NEI_methods,,,,,,,,,,,,,,,,,,,,,,,,,
US,06021,6,,,2461025200,,VOC,0.971980864,,,,,,,,,2018,20220321,2020NEI_methods,,,,,,,,,,,,,,,,,,,,,,,,,
US,06023,6,,,2461025200,,VOC,2.523976925,,,,,,,,,2018,20220321,2020NEI_methods,,,,,,,,,,,,,,,,,,,,,,,,,
US,06025,6,,,2461025200,,VOC,4.264621521,,,,,,,,,2018,20220321,2020NEI_methods,,,,,,,,,,,,,,,,,,,,,,,,,
US,06027,6,,,2461025200,,VOC,1.087965799,,,,,,,,,2018,20220321,2020NEI_methods,,,,,,,,,,,,,,,,,,,,,,,,,
US,06029,6,,,2461025200,,VOC,17.47403188,,,,,,,,,2018,20220321,2020NEI_methods,,,,,,,,,,,,,,,,,,,,,,,,,
US,06031,6,,,2461025200,,VOC,3.074673392,,,,,,,,,2018,20220321,2020NEI_methods,,,,,,,,,,,,,,,,,,,,,,,,,
US,06033,6,,,2461025200,,VOC,1.328019468,,,,,,,,,2018,20220321,2020NEI_methods,,,,,,,,,,,,,,,,,,,,,,,,,
US,06035,6,,,2461025200,,VOC,0.70518318,,,,,,,,,2018,20220321,2020NEI_methods,,,,,,,,,,,,,,,,,,,,,,,,,
US,06037,6,,,2461025200,,VOC,148.8785842,,,,,,,,,2018,20220321,2020NEI_methods,,,,,,,,,,,,,,,,,,,,,,,,,
US,06039,6,,,2461025200,,VOC,3.176130373,,,,,,,,,2018,20220321,2020NEI_methods,,,,,,,,,,,,,,,,,,,,,,,,,
US,06041,6,,,2461025200,,VOC,5.003470207,,,,,,,,,2018,20220321,2020NEI_methods,,,,,,,,,,,,,,,,,,,,,,,,,
US,06043,6,,,2461025200,,VOC,0.312443243,,,,,,,,,2018,20220321,2020NEI_methods,,,,,,,,,,,,,,,,,,,,,,,,,
US,06045,6,,,2461025200,,VOC,1.91199192,,,,,,,,,2018,20220321,2020NEI_methods,,,,,,,,,,,,,,,,,,,,,,,,,
US,06047,6,,,2461025200,,VOC,5.807175707,,,,,,,,,2018,20220321,2020NEI_methods,,,,,,,,,,,,,,,,,,,,,,,,,
US,06049,6,,,2461025200,,VOC,0.210341728,,,,,,,,,2018,20220321,2020NEI_methods,,,,,,,,,,,,,,,,,,,,,,,,,
US,06051,6,,,2461025200,,VOC,0.613369265,,,,,,,,,2018,20220321,2020NEI_methods,,,,,,,,,,,,,,,,,,,,,,,,,
US,06053,6,,,2461025200,,VOC,6.953955607,,,,,,,,,2018,20220321,2020NEI_methods,,,,,,,,,,,,,,,,,,,,,,,,,
US,06055,6,,,2461025200,,VOC,2.163076421,,,,,,,,,2018,20220321,2020NEI_methods,,,,,,,,,,,,,,,,,,,,,,,,,
US,06057,6,,,2461025200,,VOC,2.108136306,,,,,,,,,2018,20220321,2020NEI_methods,,,,,,,,,,,,,,,,,,,,,,,,,
US,06059,6,,,2461025200,,VOC,53.35055465,,,,,,,,,2018,20220321,2020NEI_methods,,,,,,,,,,,,,,,,,,,,,,,,,
US,06061,6,,,2461025200,,VOC,6.659540788,,,,,,,,,2018,20220321,2020NEI_methods,,,,,,,,,,,,,,,,,,,,,,,,,
US,06063,6,,,2461025200,,VOC,0.441024406,,,,,,,,,2018,20220321,2020NEI_methods,,,,,,,,,,,,,,,,,,,,,,,,,
US,06065,6,,,2461025200,,VOC,40.78434399,,,,,,,,,2018,20220321,2020NEI_methods,,,,,,,,,,,,,,,,,,,,,,,,,
US,06067,6,,,2461025200,,VOC,23.2084448,,,,,,,,,2018,20220321,2020NEI_methods,,,,,,,,,,,,,,,,,,,,,,,,,
US,06069,6,,,2461025200,,VOC,1.252852378,,,,,,,,,2018,20220321,2020NEI_methods,,,,,,,,,,,,,,,,,,,,,,,,,
US,06071,6,,,2461025200,,VOC,43.3135043,,,,,,,,,2018,20220321,2020NEI_methods,,,,,,,,,,,,,,,,,,,,,,,,,
US,06073,6,,,2461025200,,VOC,54.54529136,,,,,,,,,2018,20220321,2020NEI_methods,,,,,,,,,,,,,,,,,,,,,,,,,
US,06075,6,,,2461025200,,VOC,5.150620625,,,,,,,,,2018,20220321,2020NEI_methods,,,,,,,,,,,,,,,,,,,,,,,,,
US,06077,6,,,2461025200,,VOC,13.6063724,,,,,,,,,2018,20220321,2020NEI_methods,,,,,,,,,,,,,,,,,,,,,,,,,
US,06079,6,,,2461025200,,VOC,5.85703946,,,,,,,,,2018,20220321,2020NEI_methods,,,,,,,,,,,,,,,,,,,,,,,,,
US,06081,6,,,2461025200,,VOC,12.32167153,,,,,,,,,2018,20220321,2020NEI_methods,,,,,,,,,,,,,,,,,,,,,,,,,
US,06083,6,,,2461025200,,VOC,6.712297722,,,,,,,,,2018,20220321,2020NEI_methods,,,,,,,,,,,,,,,,,,,,,,,,,
US,06085,6,,,2461025200,,VOC,27.30832423,,,,,,,,,2018,20220321,2020NEI_methods,,,,,,,,,,,,,,,,,,,,,,,,,
US,06087,6,,,2461025200,,VOC,3.674633912,,,,,,,,,2018,20220321,2020NEI_methods,,,,,,,,,,,,,,,,,,,,,,,,,
US,06089,6,,,2461025200,,VOC,3.662970506,,,,,,,,,2018,20220321,2020NEI_methods,,,,,,,,,,,,,,,,,,,,,,,,,
US,06091,6,,,2461025200,,VOC,0.174062398,,,,,,,,,2018,20220321,2020NEI_methods,,,,,,,,,,,,,,,,,,,,,,,,,
US,06093,6,,,2461025200,,VOC,1.634191193,,,,,,,,,2018,20220321,2020NEI_methods,,,,,,,,,,,,,,,,,,,,,,,,,
US,06095,6,,,2461025200,,VOC,9.671662675,,,,,,,,,2018,20220321,2020NEI_methods,,,,,,,,,,,,,,,,,,,,,,,,,
US,06097,6,,,2461025200,,VOC,7.892107485,,,,,,,,,2018,20220321,2020NEI_methods,,,,,,,,,,,,,,,,,,,,,,,,,
US,06099,6,,,2461025200,,VOC,9.005357447,,,,,,,,,2018,20220321,2020NEI_methods,,,,,,,,,,,,,,,,,,,,,,,,,
US,06101,6,,,2461025200,,VOC,1.740309028,,,,,,,,,2018,20220321,2020NEI_methods,,,,,,,,,,,,,,,,,,,,,,,,,
US,06103,6,,,2461025200,,VOC,1.822710491,,,,,,,,,2018,20220321,2020NEI_methods,,,,,,,,,,,,,,,,,,,,,,,,,
US,06105,6,,,2461025200,,VOC,0.306455175,,,,,,,,,2018,20220321,2020NEI_methods,,,,,,,,,,,,,,,,,,,,,,,,,
US,06107,6,,,2461025200,,VOC,7.282865321,,,,,,,,,2018,20220321,2020NEI_methods,,,,,,,,,,,,,,,,,,,,,,,,,
US,06109,6,,,2461025200,,VOC,1.020535976,,,,,,,,,2018,20220321,2020NEI_methods,,,,,,,,,,,,,,,,,,,,,,,,,
US,06111,6,,,2461025200,,VOC,12.43452167,,,,,,,,,2018,20220321,2020NEI_methods,,,,,,,,,,,,,,,,,,,,,,,,,
US,06113,6,,,2461025200,,VOC,4.144265126,,,,,,,,,2018,20220321,2020NEI_methods,,,,,,,,,,,,,,,,,,,,,,,,,
US,06115,6,,,2461025200,,VOC,1.335985852,,,,,,,,,2018,20220321,2020NEI_methods,,,,,,,,,,,,,,,,,,,,,,,,,
US,12001,12,,,2461025200,,VOC,3.631681314,,,,,,,,,2018,20220321,2020NEI_methods,,,,,,,,,,,,,,,,,,,,,,,,,
US,12003,12,,,2461025200,,VOC,0.554929554,,,,,,,,,2018,20220321,2020NEI_methods,,,,,,,,,,,,,,,,,,,,,,,,,
US,12005,12,,,2461025200,,VOC,2.189614692,,,,,,,,,2018,20220321,2020NEI_methods,,,,,,,,,,,,,,,,,,,,,,,,,
US,12007,12,,,2461025200,,VOC,0.320501023,,,,,,,,,2018,20220321,2020NEI_methods,,,,,,,,,,,,,,,,,,,,,,,,,
US,12009,12,,,2461025200,,VOC,8.210094871,,,,,,,,,2018,20220321,2020NEI_methods,,,,,,,,,,,,,,,,,,,,,,,,,
US,12011,12,,,2461025200,,VOC,21.88370286,,,,,,,,,2018,20220321,2020NEI_methods,,,,,,,,,,,,,,,,,,,,,,,,,
US,12013,12,,,2461025200,,VOC,0.141333849,,,,,,,,,2018,20220321,2020NEI_methods,,,,,,,,,,,,,,,,,,,,,,,,,
US,12015,12,,,2461025200,,VOC,2.496027782,,,,,,,,,2018,20220321,2020NEI_methods,,,,,,,,,,,,,,,,,,,,,,,,,
US,12017,12,,,2461025200,,VOC,1.604731644,,,,,,,,,2018,20220321,2020NEI_methods,,,,,,,,,,,,,,,,,,,,,,,,,
US,12019,12,,,2461025200,,VOC,1.963901399,,,,,,,,,2018,20220321,2020NEI_methods,,,,,,,,,,,,,,,,,,,,,,,,,
US,12021,12,,,2461025200,,VOC,4.649255444,,,,,,,,,2018,20220321,2020NEI_methods,,,,,,,,,,,,,,,,,,,,,,,,,
US,12023,12,,,2461025200,,VOC,1.541723466,,,,,,,,,2018,20220321,2020NEI_methods,,,,,,,,,,,,,,,,,,,,,,,,,
US,12027,12,,,2461025200,,VOC,0.386475998,,,,,,,,,2018,20220321,2020NEI_methods,,,,,,,,,,,,,,,,,,,,,,,,,
US,12029,12,,,2461025200,,VOC,0.155698543,,,,,,,,,2018,20220321,2020NEI_methods,,,,,,,,,,,,,,,,,,,,,,,,,
US,12031,12,,,2461025200,,VOC,14.10782657,,,,,,,,,2018,20220321,2020NEI_methods,,,,,,,,,,,,,,,,,,,,,,,,,
US,12033,12,,,2461025200,,VOC,4.085477091,,,,,,,,,2018,20220321,2020NEI_methods,,,,,,,,,,,,,,,,,,,,,,,,,
US,12035,12,,,2461025200,,VOC,1.524048273,,,,,,,,,2018,20220321,2020NEI_methods,,,,,,,,,,,,,,,,,,,,,,,,,
US,12037,12,,,2461025200,,VOC,0.137261504,,,,,,,,,2018,20220321,2020NEI_methods,,,,,,,,,,,,,,,,,,,,,,,,,
US,12039,12,,,2461025200,,VOC,0.817819087,,,,,,,,,2018,20220321,2020NEI_methods,,,,,,,,,,,,,,,,,,,,,,,,,
US,12041,12,,,2461025200,,VOC,0.158433973,,,,,,,,,2018,20220321,2020NEI_methods,,,,,,,,,,,,,,,,,,,,,,,,,
US,12043,12,,,2461025200,,VOC,0.176412246,,,,,,,,,2018,20220321,2020NEI_methods,,,,,,,,,,,,,,,,,,,,,,,,,
US,12045,12,,,2461025200,,VOC,0.152608648,,,,,,,,,2018,20220321,2020NEI_methods,,,,,,,,,,,,,,,,,,,,,,,,,
US,12047,12,,,2461025200,,VOC,0.62706137,,,,,,,,,2018,20220321,2020NEI_methods,,,,,,,,,,,,,,,,,,,,,,,,,
US,12049,12,,,2461025200,,VOC,0.314790725,,,,,,,,,2018,20220321,2020NEI_methods,,,,,,,,,,,,,,,,,,,,,,,,,
US,12051,12,,,2461025200,,VOC,0.420396876,,,,,,,,,2018,20220321,2020NEI_methods,,,,,,,,,,,,,,,,,,,,,,,,,
US,12053,12,,,2461025200,,VOC,2.209806002,,,,,,,,,2018,20220321,2020NEI_methods,,,,,,,,,,,,,,,,,,,,,,,,,
US,12055,12,,,2461025200,,VOC,1.04454957,,,,,,,,,2018,20220321,2020NEI_methods,,,,,,,,,,,,,,,,,,,,,,,,,
US,12057,12,,,2461025200,,VOC,17.79890848,,,,,,,,,2018,20220321,2020NEI_methods,,,,,,,,,,,,,,,,,,,,,,,,,
US,12059,12,,,2461025200,,VOC,0.282214526,,,,,,,,,2018,20220321,2020NEI_methods,,,,,,,,,,,,,,,,,,,,,,,,,
US,12061,12,,,2461025200,,VOC,2.152826813,,,,,,,,,2018,20220321,2020NEI_methods,,,,,,,,,,,,,,,,,,,,,,,,,
US,12063,12,,,2461025200,,VOC,0.829419388,,,,,,,,,2018,20220321,2020NEI_methods,,,,,,,,,,,,,,,,,,,,,,,,,
US,12065,12,,,2461025200,,VOC,0.358000732,,,,,,,,,2018,20220321,2020NEI_methods,,,,,,,,,,,,,,,,,,,,,,,,,
US,12067,12,,,2461025200,,VOC,0.07394347,,,,,,,,,2018,20220321,2020NEI_methods,,,,,,,,,,,,,,,,,,,,,,,,,
US,12069,12,,,2461025200,,VOC,4.495693655,,,,,,,,,2018,20220321,2020NEI_methods,,,,,,,,,,,,,,,,,,,,,,,,,
US,12071,12,,,2461025200,,VOC,9.094062043,,,,,,,,,2018,20220321,2020NEI_methods,,,,,,,,,,,,,,,,,,,,,,,,,
US,12073,12,,,2461025200,,VOC,3.189671149,,,,,,,,,2018,20220321,2020NEI_methods,,,,,,,,,,,,,,,,,,,,,,,,,
US,12075,12,,,2461025200,,VOC,0.420416969,,,,,,,,,2018,20220321,2020NEI_methods,,,,,,,,,,,,,,,,,,,,,,,,,
US,12077,12,,,2461025200,,VOC,0.074771136,,,,,,,,,2018,20220321,2020NEI_methods,,,,,,,,,,,,,,,,,,,,,,,,,
US,12079,12,,,2461025200,,VOC,0.488454225,,,,,,,,,2018,20220321,2020NEI_methods,,,,,,,,,,,,,,,,,,,,,,,,,
US,12081,12,,,2461025200,,VOC,4.644013936,,,,,,,,,2018,20220321,2020NEI_methods,,,,,,,,,,,,,,,,,,,,,,,,,
US,12083,12,,,2461025200,,VOC,5.131605806,,,,,,,,,2018,20220321,2020NEI_methods,,,,,,,,,,,,,,,,,,,,,,,,,
US,12085,12,,,2461025200,,VOC,2.96039833,,,,,,,,,2018,20220321,2020NEI_methods,,,,,,,,,,,,,,,,,,,,,,,,,
US,12086,12,,,2461025200,,VOC,26.06898959,,,,,,,,,2018,20220321,2020NEI_methods,,,,,,,,,,,,,,,,,,,,,,,,,
US,12087,12,,,2461025200,,VOC,1.212190768,,,,,,,,,2018,20220321,2020NEI_methods,,,,,,,,,,,,,,,,,,,,,,,,,
US,12089,12,,,2461025200,,VOC,1.31195931,,,,,,,,,2018,20220321,2020NEI_methods,,,,,,,,,,,,,,,,,,,,,,,,,
US,12091,12,,,2461025200,,VOC,2.678483778,,,,,,,,,2018,20220321,2020NEI_methods,,,,,,,,,,,,,,,,,,,,,,,,,
US,12093,12,,,2461025200,,VOC,0.548091108,,,,,,,,,2018,20220321,2020NEI_methods,,,,,,,,,,,,,,,,,,,,,,,,,
US,12095,12,,,2461025200,,VOC,20.33940049,,,,,,,,,2018,20220321,2020NEI_methods,,,,,,,,,,,,,,,,,,,,,,,,,
US,12097,12,,,2461025200,,VOC,5.215830932,,,,,,,,,2018,20220321,2020NEI_methods,,,,,,,,,,,,,,,,,,,,,,,,,
US,12099,12,,,2461025200,,VOC,19.08157533,,,,,,,,,2018,20220321,2020NEI_methods,,,,,,,,,,,,,,,,,,,,,,,,,
US,12101,12,,,2461025200,,VOC,6.588441225,,,,,,,,,2018,20220321,2020NEI_methods,,,,,,,,,,,,,,,,,,,,,,,,,
US,12103,12,,,2461025200,,VOC,10.30316941,,,,,,,,,2018,20220321,2020NEI_methods,,,,,,,,,,,,,,,,,,,,,,,,,
US,12105,12,,,2461025200,,VOC,8.705608583,,,,,,,,,2018,20220321,2020NEI_methods,,,,,,,,,,,,,,,,,,,,,,,,,
US,12107,12,,,2461025200,,VOC,0.746213833,,,,,,,,,2018,20220321,2020NEI_methods,,,,,,,,,,,,,,,,,,,,,,,,,
US,12109,12,,,2461025200,,VOC,3.641153737,,,,,,,,,2018,20220321,2020NEI_methods,,,,,,,,,,,,,,,,,,,,,,,,,
US,12111,12,,,2461025200,,VOC,4.302748354,,,,,,,,,2018,20220321,2020NEI_methods,,,,,,,,,,,,,,,,,,,,,,,,,
US,12113,12,,,2461025200,,VOC,2.343515624,,,,,,,,,2018,20220321,2020NEI_methods,,,,,,,,,,,,,,,,,,,,,,,,,
US,12115,12,,,2461025200,,VOC,5.560982904,,,,,,,,,2018,20220321,2020NEI_methods,,,,,,,,,,,,,,,,,,,,,,,,,
US,12117,12,,,2461025200,,VOC,5.371275176,,,,,,,,,2018,20220321,2020NEI_methods,,,,,,,,,,,,,,,,,,,,,,,,,
US,12119,12,,,2461025200,,VOC,2.110504176,,,,,,,,,2018,20220321,2020NEI_methods,,,,,,,,,,,,,,,,,,,,,,,,,
US,12121,12,,,2461025200,,VOC,0.77568765,,,,,,,,,2018,20220321,2020NEI_methods,,,,,,,,,,,,,,,,,,,,,,,,,
US,12123,12,,,2461025200,,VOC,0.253907484,,,,,,,,,2018,20220321,2020NEI_methods,,,,,,,,,,,,,,,,,,,,,,,,,
US,12125,12,,,2461025200,,VOC,0.140874038,,,,,,,,,2018,20220321,2020NEI_methods,,,,,,,,,,,,,,,,,,,,,,,,,
US,12127,12,,,2461025200,,VOC,7.46686561,,,,,,,,,2018,20220321,2020NEI_methods,,,,,,,,,,,,,,,,,,,,,,,,,
US,12129,12,,,2461025200,,VOC,0.290387352,,,,,,,,,2018,20220321,2020NEI_methods,,,,,,,,,,,,,,,,,,,,,,,,,
US,12131,12,,,2461025200,,VOC,1.290303544,,,,,,,,,2018,20220321,2020NEI_methods,,,,,,,,,,,,,,,,,,,,,,,,,
US,12133,12,,,2461025200,,VOC,0.3883138,,,,,,,,,2018,20220321,2020NEI_methods,,,,,,,,,,,,,,,,,,,,,,,,,
US,36001,36,,,2461025200,,VOC,8.371290034,,,,,,,,,2018,20220321,2020NEI_methods,,,,,,,,,,,,,,,,,,,,,,,,,
US,36003,36,,,2461025200,,VOC,0.965782595,,,,,,,,,2018,20220321,2020NEI_methods,,,,,,,,,,,,,,,,,,,,,,,,,
US,36005,36,,,2461025200,,VOC,13.37432358,,,,,,,,,2018,20220321,2020NEI_methods,,,,,,,,,,,,,,,,,,,,,,,,,
US,36007,36,,,2461025200,,VOC,4.911016558,,,,,,,,,2018,20220321,2020NEI_methods,,,,,,,,,,,,,,,,,,,,,,,,,
US,36009,36,,,2461025200,,VOC,1.974147123,,,,,,,,,2018,20220321,2020NEI_methods,,,,,,,,,,,,,,,,,,,,,,,,,
US,36011,36,,,2461025200,,VOC,1.730664868,,,,,,,,,2018,20220321,2020NEI_methods,,,,,,,,,,,,,,,,,,,,,,,,,
US,36013,36,,,2461025200,,VOC,3.409946083,,,,,,,,,2018,20220321,2020NEI_methods,,,,,,,,,,,,,,,,,,,,,,,,,
US,36015,36,,,2461025200,,VOC,2.180102448,,,,,,,,,2018,20220321,2020NEI_methods,,,,,,,,,,,,,,,,,,,,,,,,,
US,36017,36,,,2461025200,,VOC,1.061236868,,,,,,,,,2018,20220321,2020NEI_methods,,,,,,,,,,,,,,,,,,,,,,,,,
US,36019,36,,,2461025200,,VOC,1.731788593,,,,,,,,,2018,20220321,2020NEI_methods,,,,,,,,,,,,,,,,,,,,,,,,,
US,36021,36,,,2461025200,,VOC,1.866979478,,,,,,,,,2018,20220321,2020NEI_methods,,,,,,,,,,,,,,,,,,,,,,,,,
US,36023,36,,,2461025200,,VOC,1.407240977,,,,,,,,,2018,20220321,2020NEI_methods,,,,,,,,,,,,,,,,,,,,,,,,,
US,36025,36,,,2461025200,,VOC,1.255938825,,,,,,,,,2018,20220321,2020NEI_methods,,,,,,,,,,,,,,,,,,,,,,,,,
US,36027,36,,,2461025200,,VOC,7.146200448,,,,,,,,,2018,20220321,2020NEI_methods,,,,,,,,,,,,,,,,,,,,,,,,,
US,36029,36,,,2461025200,,VOC,19.53322865,,,,,,,,,2018,20220321,2020NEI_methods,,,,,,,,,,,,,,,,,,,,,,,,,
US,36031,36,,,2461025200,,VOC,1.271098583,,,,,,,,,2018,20220321,2020NEI_methods,,,,,,,,,,,,,,,,,,,,,,,,,
US,36033,36,,,2461025200,,VOC,1.007732974,,,,,,,,,2018,20220321,2020NEI_methods,,,,,,,,,,,,,,,,,,,,,,,,,
US,36035,36,,,2461025200,,VOC,0.957629444,,,,,,,,,2018,20220321,2020NEI_methods,,,,,,,,,,,,,,,,,,,,,,,,,
US,36037,36,,,2461025200,,VOC,2.367200675,,,,,,,,,2018,20220321,2020NEI_methods,,,,,,,,,,,,,,,,,,,,,,,,,
US,36039,36,,,2461025200,,VOC,1.762715121,,,,,,,,,2018,20220321,2020NEI_methods,,,,,,,,,,,,,,,,,,,,,,,,,
US,36041,36,,,2461025200,,VOC,0.256946112,,,,,,,,,2018,20220321,2020NEI_methods,,,,,,,,,,,,,,,,,,,,,,,,,
US,36043,36,,,2461025200,,VOC,1.760551719,,,,,,,,,2018,20220321,2020NEI_methods,,,,,,,,,,,,,,,,,,,,,,,,,
US,36045,36,,,2461025200,,VOC,2.666902402,,,,,,,,,2018,20220321,2020NEI_methods,,,,,,,,,,,,,,,,,,,,,,,,,
US,36047,36,,,2461025200,,VOC,19.8588373,,,,,,,,,2018,20220321,2020NEI_methods,,,,,,,,,,,,,,,,,,,,,,,,,
US,36049,36,,,2461025200,,VOC,0.509872664,,,,,,,,,2018,20220321,2020NEI_methods,,,,,,,,,,,,,,,,,,,,,,,,,
US,36051,36,,,2461025200,,VOC,1.713973908,,,,,,,,,2018,20220321,2020NEI_methods,,,,,,,,,,,,,,,,,,,,,,,,,
US,36053,36,,,2461025200,,VOC,1.822897074,,,,,,,,,2018,20220321,2020NEI_methods,,,,,,,,,,,,,,,,,,,,,,,,,
US,36055,36,,,2461025200,,VOC,16.7407711,,,,,,,,,2018,20220321,2020NEI_methods,,,,,,,,,,,,,,,,,,,,,,,,,
US,36057,36,,,2461025200,,VOC,1.912749044,,,,,,,,,2018,20220321,2020NEI_methods,,,,,,,,,,,,,,,,,,,,,,,,,
US,36059,36,,,2461025200,,VOC,28.58867309,,,,,,,,,2018,20220321,2020NEI_methods,,,,,,,,,,,,,,,,,,,,,,,,,
US,36061,36,,,2461025200,,VOC,13.37058139,,,,,,,,,2018,20220321,2020NEI_methods,,,,,,,,,,,,,,,,,,,,,,,,,
US,36063,36,,,2461025200,,VOC,3.604263593,,,,,,,,,2018,20220321,2020NEI_methods,,,,,,,,,,,,,,,,,,,,,,,,,
US,36065,36,,,2461025200,,VOC,5.443263141,,,,,,,,,2018,20220321,2020NEI_methods,,,,,,,,,,,,,,,,,,,,,,,,,
US,36067,36,,,2461025200,,VOC,10.96373305,,,,,,,,,2018,20220321,2020NEI_methods,,,,,,,,,,,,,,,,,,,,,,,,,
US,36069,36,,,2461025200,,VOC,3.399108478,,,,,,,,,2018,20220321,2020NEI_methods,,,,,,,,,,,,,,,,,,,,,,,,,
US,36071,36,,,2461025200,,VOC,11.85898594,,,,,,,,,2018,20220321,2020NEI_methods,,,,,,,,,,,,,,,,,,,,,,,,,
US,36073,36,,,2461025200,,VOC,0.655181561,,,,,,,,,2018,20220321,2020NEI_methods,,,,,,,,,,,,,,,,,,,,,,,,,
US,36075,36,,,2461025200,,VOC,2.490901399,,,,,,,,,2018,20220321,2020NEI_methods,,,,,,,,,,,,,,,,,,,,,,,,,
US,36077,36,,,2461025200,,VOC,1.44478027,,,,,,,,,2018,20220321,2020NEI_methods,,,,,,,,,,,,,,,,,,,,,,,,,
US,36079,36,,,2461025200,,VOC,3.35480723,,,,,,,,,2018,20220321,2020NEI_methods,,,,,,,,,,,,,,,,,,,,,,,,,
US,36081,36,,,2461025200,,VOC,25.61192343,,,,,,,,,2018,20220321,2020NEI_methods,,,,,,,,,,,,,,,,,,,,,,,,,
US,36083,36,,,2461025200,,VOC,3.256328721,,,,,,,,,2018,20220321,2020NEI_methods,,,,,,,,,,,,,,,,,,,,,,,,,
US,36085,36,,,2461025200,,VOC,6.871162777,,,,,,,,,2018,20220321,2020NEI_methods,,,,,,,,,,,,,,,,,,,,,,,,,
US,36087,36,,,2461025200,,VOC,7.862722756,,,,,,,,,2018,20220321,2020NEI_methods,,,,,,,,,,,,,,,,,,,,,,,,,
US,36089,36,,,2461025200,,VOC,1.973260947,,,,,,,,,2018,20220321,2020NEI_methods,,,,,,,,,,,,,,,,,,,,,,,,,
US,36091,36,,,2461025200,,VOC,5.90020783,,,,,,,,,2018,20220321,2020NEI_methods,,,,,,,,,,,,,,,,,,,,,,,,,
US,36093,36,,,2461025200,,VOC,3.023757605,,,,,,,,,2018,20220321,2020NEI_methods,,,,,,,,,,,,,,,,,,,,,,,,,
US,36095,36,,,2461025200,,VOC,0.797671744,,,,,,,,,2018,20220321,2020NEI_methods,,,,,,,,,,,,,,,,,,,,,,,,,
US,36097,36,,,2461025200,,VOC,0.413867122,,,,,,,,,2018,20220321,2020NEI_methods,,,,,,,,,,,,,,,,,,,,,,,,,
US,36099,36,,,2461025200,,VOC,1.193232603,,,,,,,,,2018,20220321,2020NEI_methods,,,,,,,,,,,,,,,,,,,,,,,,,
US,36101,36,,,2461025200,,VOC,3.065307691,,,,,,,,,2018,20220321,2020NEI_methods,,,,,,,,,,,,,,,,,,,,,,,,,
US,36103,36,,,2461025200,,VOC,38.57535121,,,,,,,,,2018,20220321,2020NEI_methods,,,,,,,,,,,,,,,,,,,,,,,,,
US,36105,36,,,2461025200,,VOC,2.21334503,,,,,,,,,2018,20220321,2020NEI_methods,,,,,,,,,,,,,,,,,,,,,,,,,
US,36107,36,,,2461025200,,VOC,1.442897768,,,,,,,,,2018,20220321,2020NEI_methods,,,,,,,,,,,,,,,,,,,,,,,,,
US,36109,36,,,2461025200,,VOC,1.781324382,,,,,,,,,2018,20220321,2020NEI_methods,,,,,,,,,,,,,,,,,,,,,,,,,
US,36111,36,,,2461025200,,VOC,5.173715833,,,,,,,,,2018,20220321,2020NEI_methods,,,,,,,,,,,,,,,,,,,,,,,,,
US,36113,36,,,2461025200,,VOC,2.005378107,,,,,,,,,2018,20220321,2020NEI_methods,,,,,,,,,,,,,,,,,,,,,,,,,
US,36115,36,,,2461025200,,VOC,1.190068426,,,,,,,,,2018,20220321,2020NEI_methods,,,,,,,,,,,,,,,,,,,,,,,,,
US,36117,36,,,2461025200,,VOC,1.679570395,,,,,,,,,2018,20220321,2020NEI_methods,,,,,,,,,,,,,,,,,,,,,,,,,
US,36119,36,,,2461025200,,VOC,23.7406946,,,,,,,,,2018,20220321,2020NEI_methods,,,,,,,,,,,,,,,,,,,,,,,,,
US,36121,36,,,2461025200,,VOC,0.706036543,,,,,,,,,2018,20220321,2020NEI_methods,,,,,,,,,,,,,,,,,,,,,,,,,
US,36123,36,,,2461025200,,VOC,0.485866768,,,,,,,,,2018,20220321,2020NEI_methods,,,,,,,,,,,,,,,,,,,,,,,,,
